Handle,Title,Body (HTML),Vendor,Product Category,Type,Tags,Published,Option1 Name,Option1 Value,Option1 Linked To,Option2 Name,Option2 Value,Option2 Linked To,Option3 Name,Option3 Value,Option3 Linked To,Variant SKU,Variant Grams,Variant Inventory Tracker,Variant Inventory Policy,Variant Fulfillment Service,Variant Price,Variant Compare At Price,Variant Requires Shipping,Variant Taxable,Unit Price Total Measure,Unit Price Total Measure Unit,Unit Price Base Measure,Unit Price Base Measure Unit,Variant Barcode,Image Src,Image Position,Image Alt Text,Gift Card,SEO Title,SEO Description,Google Shopping / Google Product Category,Google Shopping / Gender,Google Shopping / Age Group,Google Shopping / MPN,Google Shopping / Condition,Google Shopping / Custom Product,Google Shopping / Custom Label 0,Google Shopping / Custom Label 1,Google Shopping / Custom Label 2,Google Shopping / Custom Label 3,Google Shopping / Custom Label 4,Author (product.metafields.custom.author),Binding (product.metafields.custom.binding),Canonical Handle (product.metafields.custom.canonical_handle),Inventory Log (product.metafields.custom.inventory_log),Language (product.metafields.custom.language),Location (product.metafields.custom.location),Non-Alcoholic (product.metafields.custom.non_alcoholic),Preorder Override Date (product.metafields.custom.preorder_override_date),Product Details (product.metafields.custom.product_details),Publication Date (product.metafields.custom.pub_date),Cuisine (product.metafields.custom.region),Reserve (product.metafields.custom.reserve),Shelf (product.metafields.custom.shelf),Specialization (product.metafields.custom.special),Special Diet (product.metafields.custom.special_diet),Spirits (product.metafields.custom.spirits),Wine (product.metafields.custom.wine),Growave raw rating (product.metafields.growave.raw_rating_string),Growave rounded rating (product.metafields.growave.rounded_rating_string),Google: Custom Product (product.metafields.mm-google-shopping.custom_product),Product rating count (product.metafields.reviews.rating_count),Art style (product.metafields.shopify.art-style),Book cover type (product.metafields.shopify.book-cover-type),Color (product.metafields.shopify.color-pattern),Condition (product.metafields.shopify.condition),Fabric (product.metafields.shopify.fabric),Genre (product.metafields.shopify.genre),Headwear features (product.metafields.shopify.headwear-features),Language version (product.metafields.shopify.language-version),Material (product.metafields.shopify.material),Media access (product.metafields.shopify.media-access),Media theme (product.metafields.shopify.media-theme),Medium (product.metafields.shopify.medium),Publication frequency (product.metafields.shopify.publication-frequency),Signature placement (product.metafields.shopify.signature-placement),Target audience (product.metafields.shopify.target-audience),Complementary products (product.metafields.shopify--discovery--product_recommendation.complementary_products),Related products (product.metafields.shopify--discovery--product_recommendation.related_products),Related products settings (product.metafields.shopify--discovery--product_recommendation.related_products_display),Search product boosts (product.metafields.shopify--discovery--product_search_boost.queries),Variant Image,Variant Weight Unit,Variant Tax Code,Cost per item,Status
a-kitchen-on-goose-cove,A Kitchen on Goose Cove:: Recipes from the Heart of Maine,"<p><b>This is a *Featured Preorder for a title releasing on May 19, 2026.</b></p><p><em><strong>This is what the publisher tells us about this book:</strong></em></p>
<b>A love letter of a cookbook that captures the allure of Maine and its iconic food and bounty of ingredients, from Devin Finigan,&nbsp;chef-owner of Aragosta, named one of&nbsp;<i>Food + Wine</i>’s best restaurants in 2024 and 2025.</b><br><br> There is an allure to Maine that captures the imagination of so many: it’s a longing for a simpler pace of life, it’s the idyllic small towns, village greens, seaside vistas, and an endless coastline. With Maine’s pristine seafood and seasonal fruits, produce, and grains, Maine is also a magical place to cook. From a kitchen on a rugged coastline in Deer Isle, Maine, chef Devin Finigan uses Maine’s iconic ingredients—from lobster and clams to honey and fiddleheads—to make incredible meals. Her Lobster Rolls, Scallops with Wild Ramp Sauce, Mussel Chowder, Duck Breast with Peach Sauce, Tomato Galette, and Whoopie Pies draw thousands of visitors each year who book tables months in advance to dine at her restaurant Aragosta, which was named the #2 best restaurant in the U.S. by <i>Food &amp; Wine</i>. Finigan’s first book captures everything about Maine that makes it the destination that 37 million people choose to visit each year. With 75 recipes for classic Maine dishes and new spins on old favorites, plus 100 gorgeous photos, this will be&nbsp;<i>the&nbsp;</i>Maine cookbook to transport fans, foodies, and tourists alike to this unspoiled region.&nbsp;The foreword will be written by Erin French, chef and bestselling author of&nbsp;<i>The Lost Kitchen</i>.&nbsp;
<p><b>* Featured Preorder books earn you an <i>extra </i>150 rewards points, good for $5 off a future purchase. If you're not already a member of our rewards program you can <a href=""https://www.kitchenartsandletters.com/pages/reward""><b>learn more about all the ways to earn points and sign up here.</b></a> It's as simple as creating a store account.</b></p>",HBG,Media > Books > Print Books,BOOK,"Ln_En, 05-19-2026, C",FALSE,Title,Default,,,,,,,,Devin Finigan with Peter Kaminsky,2268,shopify,continue,manual,35.00,,TRUE,TRUE,,,,,9781648294075,https://cdn.shopify.com/s/files/1/0297/5046/0549/files/9781648294075.jpg,1,Book Cover: A Kitchen on Goose Cove,,A Kitchen on Goose Cove,,Media > Books,,,,new,FALSE,,,,,,Devin Finigan with Peter Kaminsky,Hardcover,a-kitchen-on-goose-cove,,English,,,,,2026-05-19,,,,,,,,,,,,,,,,,,,,,,,,,,,,,,,,lb,4901.99,,draft
a-kitchen-on-goose-cove,,,,,,,,,,,,,,,,,,,,,,,,,,,,,,,https://cdn.shopify.com/s/files/1/0297/5046/0549/files/9781648294075-1.jpg,2,Interior image 1,,,,,,,,,,,,,,,,,,,,,,,,,,,,,,,,,,,,,,,,,,,,,,,,,,,,,,,,,,,
a-kitchen-on-goose-cove,,,,,,,,,,,,,,,,,,,,,,,,,,,,,,,https://cdn.shopify.com/s/files/1/0297/5046/0549/files/9781648294075-2.jpg,3,Interior image 2,,,,,,,,,,,,,,,,,,,,,,,,,,,,,,,,,,,,,,,,,,,,,,,,,,,,,,,,,,,
a-kitchen-on-goose-cove,,,,,,,,,,,,,,,,,,,,,,,,,,,,,,,https://cdn.shopify.com/s/files/1/0297/5046/0549/files/9781648294075-3.jpg,4,Interior image 3,,,,,,,,,,,,,,,,,,,,,,,,,,,,,,,,,,,,,,,,,,,,,,,,,,,,,,,,,,,
a-kitchen-on-goose-cove,,,,,,,,,,,,,,,,,,,,,,,,,,,,,,,https://cdn.shopify.com/s/files/1/0297/5046/0549/files/9781648294075-4.jpg,5,Interior image 4,,,,,,,,,,,,,,,,,,,,,,,,,,,,,,,,,,,,,,,,,,,,,,,,,,,,,,,,,,,
a-kitchen-on-goose-cove,,,,,,,,,,,,,,,,,,,,,,,,,,,,,,,https://cdn.shopify.com/s/files/1/0297/5046/0549/files/9781648294075-5.jpg,6,Interior image 5,,,,,,,,,,,,,,,,,,,,,,,,,,,,,,,,,,,,,,,,,,,,,,,,,,,,,,,,,,,
a-montreal-cook,A Montreal Cook:: Recipes and Reflections from My Kitchen,"<p><b>This is a *Featured Preorder for a title releasing on March 24, 2026.</b></p><p><em><strong>This is what the publisher tells us about this book:</strong></em></p>
<b>Taste Canada gold medal award winner Lesley Chesterman shares more than 90 stunning recipes to reveal the best of Montreal, one of North America’s most vibrant, diverse, and delicious food cities.</b><br><br>Take a culinary journey through Montreal with award-winning chef, author, and food critic Lesley Chesterman.<br> <br>Start your day with irresistible breakfast and brunch options like Bostok, a French bakery classic where almond croissants meet French Toast. Tour the city’s vibrant market culture and follow Chesterman through traditions like apéro hour and après-ski. You’ll discover the ins and outs of entertaining Montreal-style, with multicultural offerings that reflect the city’s vibrant spirit and classic Quebecois dishes that are both accessible and irresistible.<br> <br>Through luscious photos, witty notes, and over 90 soulful and easy-to-follow recipes, Chesterman explores Montreal’s unique influence on her life as one of Quebec’s most beloved chefs and restaurant critics, all with the spirit of a friend chatting across the kitchen table.<br> <br>With an added list of her own personal city favorites—from bistros and wine bars to bakeries and cheesemongers—<i>A Montreal Chef</i> is both deeply personal and warmly welcoming, transporting readers and home cooks directly to the unique city of Montreal and its unforgettable cuisine.</div></div>
<p><b>* Featured Preorder books earn you an <i>extra </i>150 rewards points, good for $5 off a future purchase. If you're not already a member of our rewards program you can <a href=""https://www.kitchenartsandletters.com/pages/reward""><b>learn more about all the ways to earn points and sign up here.</b></a> It's as simple as creating a store account.</b></p>",SSN,Media > Books > Print Books,BOOK,"Ln_En, 03-24-2026, C",FALSE,Title,Default,,,,,,,,Lesley Chesterman,2268,shopify,continue,manual,33.00,,TRUE,TRUE,,,,,9781668061350,https://cdn.shopify.com/s/files/1/0297/5046/0549/files/9781668061350.jpg,1,Book Cover: A Montreal Cook,,A Montreal Cook,,Media > Books,,,,new,FALSE,,,,,,Lesley Chesterman,Hardcover,a-montreal-cook,,English,,,,,2026-03-24,,,,,,,,,,,,,,,,,,,,,,,,,,,,,,,,lb,4901.99,,draft
a-seat-at-the-table,A Seat at the Table:: Food and Feasting in the Islamic World,"<p><b>This is a *Featured Preorder for a title releasing on March 31, 2026.</b></p><p><em><strong>This is what the publisher tells us about this book:</strong></em></p>
<p><b>A banquet of culinary traditions from disparate Islamic cultures and communities across history</b></p></div><div><p><b>Published with Qatar Museums.</b><br><br>Exploring culinary traditions from the emergence of Islam to the present day, <i>A Seat at the Table: Food and Feasting in the Islamic World</i> highlights key historical developments, contemporary challenges and the impact of trade on food. Distinct from previous publications on the topic, the primer expands its lens beyond elitist contexts, considering dining as a living practice that unites disparate Islamic cultures and communities.<br><i>A Seat at the Table</i> compiles concise, well researched essays on wide-ranging topics—from the significance of bread making and glazed ceramic dining sets to the implications of agricultural innovations and dining etiquette on courtly culture. Following the essays is an exhibition album that displays and explicates the function of over 100 objects sourced from the collection of the Museum of Islamic Art and other Qatar-based institutions such as the Qatar National Library.</p></div></div>
<p><b>* Featured Preorder books earn you an <i>extra </i>150 rewards points, good for $5 off a future purchase. If you're not already a member of our rewards program you can <a href=""https://www.kitchenartsandletters.com/pages/reward""><b>learn more about all the ways to earn points and sign up here.</b></a> It's as simple as creating a store account.</b></p>",DAP,Media > Books > Print Books,BOOK,"Ln_En, 03-31-2026, P",FALSE,Title,Default,,,,,,,,"Nicoletta Fazio (Text by), Teslim Sanni (Text by)",2268,shopify,continue,manual,40.00,,TRUE,TRUE,,,,,9788836661107,https://cdn.shopify.com/s/files/1/0297/5046/0549/files/9788836661107.jpg,1,Book Cover: A Seat at the Table,,A Seat at the Table,,Media > Books,,,,new,FALSE,,,,,,"Nicoletta Fazio (Text by), Teslim Sanni (Text by)",Paperback,a-seat-at-the-table,,English,,,,,2026-03-31,,,,,,,,,,,,,,,,,,,,,,,,,,,,,,,,lb,4901.99,,draft
a-seat-at-the-table,,,,,,,,,,,,,,,,,,,,,,,,,,,,,,,https://cdn.shopify.com/s/files/1/0297/5046/0549/files/9788836661107-1.jpg,2,Interior image 1,,,,,,,,,,,,,,,,,,,,,,,,,,,,,,,,,,,,,,,,,,,,,,,,,,,,,,,,,,,
a-seat-at-the-table,,,,,,,,,,,,,,,,,,,,,,,,,,,,,,,https://cdn.shopify.com/s/files/1/0297/5046/0549/files/9788836661107-2.jpg,3,Interior image 2,,,,,,,,,,,,,,,,,,,,,,,,,,,,,,,,,,,,,,,,,,,,,,,,,,,,,,,,,,,
a-seat-at-the-table,,,,,,,,,,,,,,,,,,,,,,,,,,,,,,,https://cdn.shopify.com/s/files/1/0297/5046/0549/files/9788836661107-3.jpg,4,Interior image 3,,,,,,,,,,,,,,,,,,,,,,,,,,,,,,,,,,,,,,,,,,,,,,,,,,,,,,,,,,,
a-seat-at-the-table,,,,,,,,,,,,,,,,,,,,,,,,,,,,,,,https://cdn.shopify.com/s/files/1/0297/5046/0549/files/9788836661107-4.jpg,5,Interior image 4,,,,,,,,,,,,,,,,,,,,,,,,,,,,,,,,,,,,,,,,,,,,,,,,,,,,,,,,,,,
a-seat-at-the-table,,,,,,,,,,,,,,,,,,,,,,,,,,,,,,,https://cdn.shopify.com/s/files/1/0297/5046/0549/files/9788836661107-5.jpg,6,Interior image 5,,,,,,,,,,,,,,,,,,,,,,,,,,,,,,,,,,,,,,,,,,,,,,,,,,,,,,,,,,,
a-taste-of-hong-kong,A Taste of Hong Kong:: 70 Essential Recipes from Asia's World City,"<p><b>This is a *Featured Preorder for a title releasing on February 03, 2026.</b></p><p><em><strong>This is what the publisher tells us about this book:</strong></em></p>
<b><b>This sumptuous and deeply personal cookbook featuring 70 recipes&nbsp;opens the door to Hong Kong’s vibrant food culture, offering a flavorful mix of iconic dishes, everyday comforts, and modern twists.</b></b><br><br>Born in Hong Kong and raised between cultures, Davina Chang spent years abroad before realizing that her connection to home was rooted in taste: the texture of congee, the smell of pineapple buns, the clink of milk tea in a café.&nbsp;French native co-author Ada Deschanel has spent years studying Hong Kong’s food culture as a lens to understand the city, from its markets and cha&nbsp;chaan&nbsp;teng&nbsp;to its haute cuisine and street snacks. Through her work as a researcher, photographer, and writer, she documents how flavors, spaces, and gestures reveal the city’s layered identity. &nbsp;<br><br>Structured around the rhythm of a Hong Kong day,&nbsp;this beautifully illustrated&nbsp;book follows a “journey through meals”—from bakery breakfasts and dim sum brunches to noodle-shop lunches, street snacks, and family-style dinners. With 70 recipes, it offers everything from silky tomato-egg stir-fry and curry fish balls to sweet red bean soup and egg tarts. The dishes reflect the rich culinary heritage of Hong Kong and its Cantonese foundations, shaped by migration, colonial influences, and a distinct culture of adaptation.<br><br>Woven between the dishes are personal essays about identity, memory, and belonging—stories that ground the food in lived experience and cultural insight. Part cookbook, part coming-home story, <i>A Taste of Hong Kong</i> is an invitation to cook, connect, and rediscover a city through its flavors.</div></div>
<p><b>* Featured Preorder books earn you an <i>extra </i>150 rewards points, good for $5 off a future purchase. If you're not already a member of our rewards program you can <a href=""https://www.kitchenartsandletters.com/pages/reward""><b>learn more about all the ways to earn points and sign up here.</b></a> It's as simple as creating a store account.</b></p>",PRST,Media > Books > Print Books,BOOK,"Ln_En, 02-03-2026, C",FALSE,Title,Default,,,,,,,,"Davina Chang, Ada Deschanel",2268,shopify,continue,manual,35.00,,TRUE,TRUE,,,,,9783791391854,https://cdn.shopify.com/s/files/1/0297/5046/0549/files/9783791391854.jpg,1,Book Cover: A Taste of Hong Kong,,A Taste of Hong Kong,,Media > Books,,,,new,FALSE,,,,,,"Davina Chang, Ada Deschanel",Hardcover,a-taste-of-hong-kong,,English,,,,,2026-02-03,,,,,,,,,,,,,,,,,,,,,,,,,,,,,,,,lb,4901.99,,draft
a-taste-of-hong-kong,,,,,,,,,,,,,,,,,,,,,,,,,,,,,,,https://cdn.shopify.com/s/files/1/0297/5046/0549/files/9783791391854-1.jpg,2,Interior image 1,,,,,,,,,,,,,,,,,,,,,,,,,,,,,,,,,,,,,,,,,,,,,,,,,,,,,,,,,,,
a-taste-of-hong-kong,,,,,,,,,,,,,,,,,,,,,,,,,,,,,,,https://cdn.shopify.com/s/files/1/0297/5046/0549/files/9783791391854-2.jpg,3,Interior image 2,,,,,,,,,,,,,,,,,,,,,,,,,,,,,,,,,,,,,,,,,,,,,,,,,,,,,,,,,,,
a-taste-of-hong-kong,,,,,,,,,,,,,,,,,,,,,,,,,,,,,,,https://cdn.shopify.com/s/files/1/0297/5046/0549/files/9783791391854-3.jpg,4,Interior image 3,,,,,,,,,,,,,,,,,,,,,,,,,,,,,,,,,,,,,,,,,,,,,,,,,,,,,,,,,,,
american-bacon,American Bacon:: The History of a Food Phenomenon,"<p><b>This is a *Featured Preorder for a title releasing on April 15, 2026.</b></p><p><em><strong>This is what the publisher tells us about this book:</strong></em></p>
In <i>American Bacon</i>, Mark A. Johnson asks (and answers) a seemingly simple question: How has bacon overcome centuries of religious prohibition, cultural contempt, and dietary advice to become a twenty-first-century culinary and cultural powerhouse? Starting in early modern Britain and tracing the story of bacon through the colonial era, Civil War, Progressive Era, modern fad diets, and the emerging craft bacon industry, Johnson provides a new perspective on some familiar American narratives. More than a story of production, marketing, and consumption, Johnson argues, this cultural history connects bacon to race, class, and gender while also illuminating major historical forces, such as migration, warfare, urbanization and suburbanization, reform movements, cultural trends, and globalization. For Johnson, bacon’s story from “most dangerous food in the supermarket” to pop culture and gastronomic phenomenon reflects the cultural values of a nation.</div></div>
<p><b>* Featured Preorder books earn you an <i>extra </i>150 rewards points, good for $5 off a future purchase. If you're not already a member of our rewards program you can <a href=""https://www.kitchenartsandletters.com/pages/reward""><b>learn more about all the ways to earn points and sign up here.</b></a> It's as simple as creating a store account.</b></p>",UGA,Media > Books > Print Books,BOOK,"Ln_En, 04-15-2026, C",FALSE,Title,Default,,,,,,,,Mark A. Johnson,2268,shopify,continue,manual,34.95,,TRUE,TRUE,,,,,9780820375403,https://cdn.shopify.com/s/files/1/0297/5046/0549/files/9780820375403.jpg,1,Book Cover: American Bacon,,American Bacon,,Media > Books,,,,new,FALSE,,,,,,Mark A. Johnson,Hardcover,american-bacon,,English,,,,,2026-04-15,,,,,,,,,,,,,,,,,,,,,,,,,,,,,,,,lb,4901.99,,draft
american-bacon,,,,,,,,,,,,,,,,,,,,,,,,,,,,,,,https://cdn.shopify.com/s/files/1/0297/5046/0549/files/9780820375403-1.jpg,2,Interior image 1,,,,,,,,,,,,,,,,,,,,,,,,,,,,,,,,,,,,,,,,,,,,,,,,,,,,,,,,,,,
american-bacon,,,,,,,,,,,,,,,,,,,,,,,,,,,,,,,https://cdn.shopify.com/s/files/1/0297/5046/0549/files/9780820375403-2.jpg,3,Interior image 2,,,,,,,,,,,,,,,,,,,,,,,,,,,,,,,,,,,,,,,,,,,,,,,,,,,,,,,,,,,
american-bacon,,,,,,,,,,,,,,,,,,,,,,,,,,,,,,,https://cdn.shopify.com/s/files/1/0297/5046/0549/files/9780820375403-3.jpg,4,Interior image 3,,,,,,,,,,,,,,,,,,,,,,,,,,,,,,,,,,,,,,,,,,,,,,,,,,,,,,,,,,,
american-bacon,,,,,,,,,,,,,,,,,,,,,,,,,,,,,,,https://cdn.shopify.com/s/files/1/0297/5046/0549/files/9780820375403-4.jpg,5,Interior image 4,,,,,,,,,,,,,,,,,,,,,,,,,,,,,,,,,,,,,,,,,,,,,,,,,,,,,,,,,,,
american-bacon,,,,,,,,,,,,,,,,,,,,,,,,,,,,,,,https://cdn.shopify.com/s/files/1/0297/5046/0549/files/9780820375403-5.jpg,6,Interior image 5,,,,,,,,,,,,,,,,,,,,,,,,,,,,,,,,,,,,,,,,,,,,,,,,,,,,,,,,,,,
ammazza,AMMAZZA!:: Culinary Adventures from New York to Italy and Back Again,"<p><b>This is a *Featured Preorder for a title releasing on May 12, 2026.</b></p><p><em><strong>This is what the publisher tells us about this book:</strong></em></p>
<b>The long-awaited cookbook from four-time James Beard Award nominee Chef Hillary Sterling, featuring over 100 seasonal recipes showcasing the delicious dishes that have earned her acclaim at the helm of Ci Siamo, Danny Meyer’s “flat-out fantastic” (<i>The New York Times</i>) restaurant.</b><br><br>A celebration of a life devoted to food, <i>Ammazza!</i> blends story, substance, and soul. Raised in a tight-knit Jewish household in Sheepshead Bay, Brooklyn—where her grandmother kept kosher downstairs and her family broke the rules upstairs—Sterling shares over 100 recipes that trace her path from her early days as a young cook, to her later love affair with Italian cooking, and her career spent in the kitchens of New York’s most beloved restaurants.<br> <br>Following the rhythm of the seasons, these recipes showcase Sterling’s brilliance with flavor. Interspersed are menus rooted in family and tradition, with inspired twists—she brings an Italian spin to the Passover table, and shares a Mexican Thanksgiving feast influenced by her time at Bobby Flay’s Mesa Grill.<br> <br>A standout cookbook for home cooks, <i>Ammazza!</i> offers smart, encouraging tips throughout—from how to clean artichokes to frying at home without fear.<br> <br>Whether you’re searching for the best pasta cookbook, a gift for foodies, or a coffee table cookbook as beautiful as it is practical, <i>Ammazza!</i> is packed with bold recipes, culinary storytelling, and the know-how of a chef who cooks with both precision and heart.</div></div>
<p><b>* Featured Preorder books earn you an <i>extra </i>150 rewards points, good for $5 off a future purchase. If you're not already a member of our rewards program you can <a href=""https://www.kitchenartsandletters.com/pages/reward""><b>learn more about all the ways to earn points and sign up here.</b></a> It's as simple as creating a store account.</b></p>",SCR,Media > Books > Print Books,BOOK,"Ln_En, 05-12-2026, C",FALSE,Title,Default,,,,,,,,Hillary Sterling with Theresa Gambacorta,2268,shopify,continue,manual,40.00,,TRUE,TRUE,,,,,9781668068717,https://cdn.shopify.com/s/files/1/0297/5046/0549/files/9781668068717.jpg,1,Book Cover: AMMAZZA!,,AMMAZZA!,,Media > Books,,,,new,FALSE,,,,,,Hillary Sterling with Theresa Gambacorta,Hardcover,ammazza,,English,,,,,2026-05-12,,,,,,,,,,,,,,,,,,,,,,,,,,,,,,,,lb,4901.99,,draft
ammazza,,,,,,,,,,,,,,,,,,,,,,,,,,,,,,,https://cdn.shopify.com/s/files/1/0297/5046/0549/files/9781668068717-1.jpg,2,Interior image 1,,,,,,,,,,,,,,,,,,,,,,,,,,,,,,,,,,,,,,,,,,,,,,,,,,,,,,,,,,,
ammazza,,,,,,,,,,,,,,,,,,,,,,,,,,,,,,,https://cdn.shopify.com/s/files/1/0297/5046/0549/files/9781668068717-2.jpg,3,Interior image 2,,,,,,,,,,,,,,,,,,,,,,,,,,,,,,,,,,,,,,,,,,,,,,,,,,,,,,,,,,,
ammazza,,,,,,,,,,,,,,,,,,,,,,,,,,,,,,,https://cdn.shopify.com/s/files/1/0297/5046/0549/files/9781668068717-3.jpg,4,Interior image 3,,,,,,,,,,,,,,,,,,,,,,,,,,,,,,,,,,,,,,,,,,,,,,,,,,,,,,,,,,,
ammazza,,,,,,,,,,,,,,,,,,,,,,,,,,,,,,,https://cdn.shopify.com/s/files/1/0297/5046/0549/files/9781668068717-4.jpg,5,Interior image 4,,,,,,,,,,,,,,,,,,,,,,,,,,,,,,,,,,,,,,,,,,,,,,,,,,,,,,,,,,,
ammazza,,,,,,,,,,,,,,,,,,,,,,,,,,,,,,,https://cdn.shopify.com/s/files/1/0297/5046/0549/files/9781668068717-5.jpg,6,Interior image 5,,,,,,,,,,,,,,,,,,,,,,,,,,,,,,,,,,,,,,,,,,,,,,,,,,,,,,,,,,,
beatrix-bakes,BEATRIX BAKES:: 15th Anniversary Edition:,"<p><b>This is a *Featured Preorder for a title releasing on March 24, 2026.</b></p><p><em><strong>This is what the publisher tells us about this book:</strong></em></p>
<p><b>Embrace the unparalleled joys of baking seasonally and creatively with this mouth-watering collection of recipes from Melbourne’s tiny beloved bakery, Beatrix. This new edition – released to mark the 15th anniversary of Beatrix’s opening – brings fresh life to the classic with a vibrant new cover and the same joyful, irreverent spirit that made it a modern baking icon.</b></p></div><div><p><b>For Natalie Paull, baking is a gift. It’s also a powerful elixir of pleasure, connection, generosity and joy.</b> <i><b>Beatrix Bakes</b></i> <b>celebrates baking’s sweetest moments with more than seventy recipes designed to inspire bakers of all kinds to mix and match, adapt and personalize – whether it’s a Lemon curd cream crepe cake or Pecan maple cinnamon scrolls.</b></p><p>Timed to coincide with the 15th anniversary of the opening of Nat’s beloved bakery, this new edition of <i>Beatrix Bakes</i> breathes fresh life into the classic with a vibrant new cover – a tribute to the legacy of Beatrix and the community it built.</p><p>Sparkling with Natalie’s distinct voice, and packaged with full-color photography, illustrations and rock-solid tips for a perfect bake, <i>Beatrix Bakes</i> includes 'Adaptrix' suggestions (offering ways readers might do things differently, including short cuts) and is peppered with infographics to help them follow their baking heart. Try The Cheesecake (That You Will Love The Most) with a crumb base, or a bought biscuit base, or no base, or a sponge base – even a failed cookie base! Then choose a topping: sour cream, crumb, fruity bits – the possibilities are endless.</p><p>The recipes are divided across eight chapters: Doughs, pastries &amp; crusts; Tarts, pies, a crostata &amp; a galette; The cake list; One in the hand; Yeasted bakes; Fruit-full; Creams, custards, fillings, glazes and buttercreams; and Finishing touches.</p><p>While Natalie’s creations are inspired by classics the world over, they’re joyfully irreverent too – and in <i>Beatrix Bakes</i>, she shows readers that once the foundations are right, the true magic lies in a willingness to play (with the insurance of her clever ideas and back-up plans always close at hand).</p><p><i>Beatrix Bakes</i> will guide anyone who loves the adventure of baking to perfect their skills – and break the baking mold.</p></div></div>
<p><b>* Featured Preorder books earn you an <i>extra </i>150 rewards points, good for $5 off a future purchase. If you're not already a member of our rewards program you can <a href=""https://www.kitchenartsandletters.com/pages/reward""><b>learn more about all the ways to earn points and sign up here.</b></a> It's as simple as creating a store account.</b></p>",HGUS,Media > Books > Print Books,BOOK,"Ln_En, 03-24-2026, C",FALSE,Title,Default,,,,,,,,Natalie Paull,2268,shopify,continue,manual,32.99,,TRUE,TRUE,,,,,9781761452642,https://cdn.shopify.com/s/files/1/0297/5046/0549/files/9781761452642.jpg,1,Book Cover: BEATRIX BAKES,,BEATRIX BAKES,,Media > Books,,,,new,FALSE,,,,,,Natalie Paull,Hardcover,beatrix-bakes,,English,,,,,2026-03-24,,,,,,,,,,,,,,,,,,,,,,,,,,,,,,,,lb,4901.99,,draft
beatrix-bakes,,,,,,,,,,,,,,,,,,,,,,,,,,,,,,,https://cdn.shopify.com/s/files/1/0297/5046/0549/files/9781761452642-1.jpg,2,Interior image 1,,,,,,,,,,,,,,,,,,,,,,,,,,,,,,,,,,,,,,,,,,,,,,,,,,,,,,,,,,,
beatrix-bakes,,,,,,,,,,,,,,,,,,,,,,,,,,,,,,,https://cdn.shopify.com/s/files/1/0297/5046/0549/files/9781761452642-2.jpg,3,Interior image 2,,,,,,,,,,,,,,,,,,,,,,,,,,,,,,,,,,,,,,,,,,,,,,,,,,,,,,,,,,,
beatrix-bakes,,,,,,,,,,,,,,,,,,,,,,,,,,,,,,,https://cdn.shopify.com/s/files/1/0297/5046/0549/files/9781761452642-3.jpg,4,Interior image 3,,,,,,,,,,,,,,,,,,,,,,,,,,,,,,,,,,,,,,,,,,,,,,,,,,,,,,,,,,,
beatrix-bakes,,,,,,,,,,,,,,,,,,,,,,,,,,,,,,,https://cdn.shopify.com/s/files/1/0297/5046/0549/files/9781761452642-4.jpg,5,Interior image 4,,,,,,,,,,,,,,,,,,,,,,,,,,,,,,,,,,,,,,,,,,,,,,,,,,,,,,,,,,,
beatrix-bakes,,,,,,,,,,,,,,,,,,,,,,,,,,,,,,,https://cdn.shopify.com/s/files/1/0297/5046/0549/files/9781761452642-5.jpg,6,Interior image 5,,,,,,,,,,,,,,,,,,,,,,,,,,,,,,,,,,,,,,,,,,,,,,,,,,,,,,,,,,,
bittersweet,Bittersweet:: The Five Tastes of Dessert and Beyond,"<p><b>This is a *Featured Preorder for a title releasing on February 10, 2026.</b></p><p><em><strong>This is what the publisher tells us about this book:</strong></em></p>
<p><strong>From Thalia Ho, creator of the award-winning blog&nbsp;<em>Butter and Brioche</em>&nbsp;and author of&nbsp;<em>Wild Sweetness</em>, a lyrical and visually stunning cookbook of more than 100 enthralling dessert recipes, exploring the five tastes and how they transform on the plate and beyond.</strong></p><p>In her follow-up and foil to&nbsp;<em>Wild Sweetness</em>, Thalia Ho explores the five tastes and distills their ability to transform desserts into something memorable. Bitter brings deep complexity, sweet tempers and comforts, sour surprises and brings things to life with citrus or tang, salt can offset or enhance, umami is strong and satisfies.</p><p>With gripping prose, deep reflection, and hauntingly beautiful photographs, Thalia shares more than 100 inspired and inventive recipes to elevate what your last bite can be—adventurous, otherworldly, and unforgettable:</p><ul><li>Sugar Buns</li><li>Singed Sherbet Meringues</li><li>Preserved Lemon Pie</li><li>The Dark Side Roulade</li><li>Crème Brûlée Ice Cream</li><li>Salted Yolk Custard Tart</li><li>Soy Ganache Brownies</li><li>Deep Miso Caramel Apple Pie</li><li>Ivoire and Caviar</li><li>Crunchy Chili Oil Tart</li></ul><p>For beginner and ambitious home cooks and bakers alike, this striking and meditative book is one you’ll want to show off, on your coffee table, on your shelf, and in the kitchen.</p></div></div>
<p><b>* Featured Preorder books earn you an <i>extra </i>150 rewards points, good for $5 off a future purchase. If you're not already a member of our rewards program you can <a href=""https://www.kitchenartsandletters.com/pages/reward""><b>learn more about all the ways to earn points and sign up here.</b></a> It's as simple as creating a store account.</b></p>",HAR,Media > Books > Print Books,BOOK,"Ln_En, 02-10-2026, C",FALSE,Title,Default,,,,,,,,Thalia Ho,2268,shopify,continue,manual,35.00,,TRUE,TRUE,,,,,9780063411418,https://cdn.shopify.com/s/files/1/0297/5046/0549/files/9780063411418.jpg,1,Book Cover: Bittersweet,,Bittersweet,,Media > Books,,,,new,FALSE,,,,,,Thalia Ho,Hardcover,bittersweet,,English,,,,,2026-02-10,,,,,,,,,,,,,,,,,,,,,,,,,,,,,,,,lb,4901.99,,draft
bittersweet,,,,,,,,,,,,,,,,,,,,,,,,,,,,,,,https://cdn.shopify.com/s/files/1/0297/5046/0549/files/9780063411418-1.jpg,2,Interior image 1,,,,,,,,,,,,,,,,,,,,,,,,,,,,,,,,,,,,,,,,,,,,,,,,,,,,,,,,,,,
bittersweet,,,,,,,,,,,,,,,,,,,,,,,,,,,,,,,https://cdn.shopify.com/s/files/1/0297/5046/0549/files/9780063411418-2.jpg,3,Interior image 2,,,,,,,,,,,,,,,,,,,,,,,,,,,,,,,,,,,,,,,,,,,,,,,,,,,,,,,,,,,
bittersweet,,,,,,,,,,,,,,,,,,,,,,,,,,,,,,,https://cdn.shopify.com/s/files/1/0297/5046/0549/files/9780063411418-3.jpg,4,Interior image 3,,,,,,,,,,,,,,,,,,,,,,,,,,,,,,,,,,,,,,,,,,,,,,,,,,,,,,,,,,,
bittersweet,,,,,,,,,,,,,,,,,,,,,,,,,,,,,,,https://cdn.shopify.com/s/files/1/0297/5046/0549/files/9780063411418-4.jpg,5,Interior image 4,,,,,,,,,,,,,,,,,,,,,,,,,,,,,,,,,,,,,,,,,,,,,,,,,,,,,,,,,,,
bittersweet,,,,,,,,,,,,,,,,,,,,,,,,,,,,,,,https://cdn.shopify.com/s/files/1/0297/5046/0549/files/9780063411418-5.jpg,6,Interior image 5,,,,,,,,,,,,,,,,,,,,,,,,,,,,,,,,,,,,,,,,,,,,,,,,,,,,,,,,,,,
cheese-trekking,"Cheese Trekking:: How Microbes, Landscapes, Livestock, and Human Cultures Shape Terroir","<p><b>This is a *Featured Preorder for a title releasing on February 24, 2026.</b></p><p><em><strong>This is what the publisher tells us about this book:</strong></em></p>
<b><b>A no-holds-barred guide to the global traditions of cheese, dairying, and pastoralism alongside one man’s quest to make milk Sacred again.</b></b><br><br><i>Cheese Trekking</i> recounts the author’s experiences visiting pastoral communities and cheesemakers in various countries and explains how cheeses can be local manifestations while also representing global archetypes, strategies that have been adopted in many places. It describes the constellations (a range of complementary milk foods that utilize all byproducts of cheesemaking) of various regions through a wide-angle lens. The central premise is that milk has a terroir, born from the plants and ecology of a landscape, that is concentrated via ruminant digestion and lactation and carries through the barns and milk sheds to be steered by human hands and cultural practices into foods. There is a growing international movement to return to the roots of natural cheesemaking, at the core of which is a philosophy of working with rather than against microbes and nature; the sacredness of motherhood, milk, and life itself; and the ethics involved in dairying, given its intimate involvement with the killing and eating of livestock. It offers firsthand evidence that humans can be stewards of landscapes, shepherds of microbes, and keepers of genetic wealth in the form of heritage livestock breeds, while crafting delicious, safe, nutrient-dense milk foods.</div></div>
<p><b>* Featured Preorder books earn you an <i>extra </i>150 rewards points, good for $5 off a future purchase. If you're not already a member of our rewards program you can <a href=""https://www.kitchenartsandletters.com/pages/reward""><b>learn more about all the ways to earn points and sign up here.</b></a> It's as simple as creating a store account.</b></p>",CHGR,Media > Books > Print Books,BOOK,"Ln_En, 02-24-2026, C",FALSE,Title,Default,,,,,,,,Trevor Warmedahl,2268,shopify,continue,manual,29.95,,TRUE,TRUE,,,,,9781645022985,https://cdn.shopify.com/s/files/1/0297/5046/0549/files/9781645022985.jpg,1,Book Cover: Cheese Trekking,,Cheese Trekking,,Media > Books,,,,new,FALSE,,,,,,Trevor Warmedahl,Hardcover,cheese-trekking,,English,,,,,2026-02-24,,,,,,,,,,,,,,,,,,,,,,,,,,,,,,,,lb,4901.99,,draft
cravan,Cravan:: Cocktails and More: Recipes from Paris,"<p><b>This is a *Featured Preorder for a title releasing on March 31, 2026.</b></p><p><em><strong>This is what the publisher tells us about this book:</strong></em></p>
<b><b>Situated in the literary heart of Saint-Germain, Cravan is a true <i>bar Américain</i>, and this recipe book of cocktails and bar bites captures the essence of Parisian cool.</b></b><br><br>Audoux opened a small <i>bar Américain</i> in 2019 at the foot of a landmark Hector Guimard building in the sixteenth arrondissement that has since become <i>the</i> watering hole for people in the know. Hailed by <i>The New York Times</i> for elevating “the cocktail to the level of high liquid gastronomy and does so with elegance and simplicity,” Cravan is essential to any Parisian barhop.<br><br>Built around the legend of the Swiss surrealist Arthur Cravan—nephew to Oscar Wilde, poet, writer, troll, and sometime pugilist, Cravan has since expanded from its original twenty-seat location to a five-story new location.<br><br>Included here are recipes for a few dozen cocktails, with fresh takes on the classics like the Tom Collins and the French 75, as well as inspired creations such as the Tunnel, the Archi, the Luco, and the Lady from Shanghai, and contemporary tips and tricks that make them easy to re-create at home.<br><br>The food offerings feature bar-bite recipes curated by culinary titans and new bistronomy auteurs alike. Perfect for lovers of history and French culture, this book captures the spirit and culture of the City of Light and is a must-have for the aspiring and experienced home mixologist and chef alike.</div></div>
<p><b>* Featured Preorder books earn you an <i>extra </i>150 rewards points, good for $5 off a future purchase. If you're not already a member of our rewards program you can <a href=""https://www.kitchenartsandletters.com/pages/reward""><b>learn more about all the ways to earn points and sign up here.</b></a> It's as simple as creating a store account.</b></p>",RIZ,Media > Books > Print Books,BOOK,"Ln_En, 03-31-2026, C",FALSE,Title,Default,,,,,,,,"Franck Audoux, Vincent Chaperon (Contributions by)",2268,shopify,continue,manual,45.00,,TRUE,TRUE,,,,,9780847876495,https://cdn.shopify.com/s/files/1/0297/5046/0549/files/9780847876495.jpg,1,Book Cover: Cravan,,Cravan,,Media > Books,,,,new,FALSE,,,,,,"Franck Audoux, Vincent Chaperon (Contributions by)",Hardcover,cravan,,English,,,,,2026-03-31,,,,,,,,,,,,,,,,,,,,,,,,,,,,,,,,lb,4901.99,,draft
cravan,,,,,,,,,,,,,,,,,,,,,,,,,,,,,,,https://cdn.shopify.com/s/files/1/0297/5046/0549/files/9780847876495-1.jpg,2,Interior image 1,,,,,,,,,,,,,,,,,,,,,,,,,,,,,,,,,,,,,,,,,,,,,,,,,,,,,,,,,,,
cravan,,,,,,,,,,,,,,,,,,,,,,,,,,,,,,,https://cdn.shopify.com/s/files/1/0297/5046/0549/files/9780847876495-2.jpg,3,Interior image 2,,,,,,,,,,,,,,,,,,,,,,,,,,,,,,,,,,,,,,,,,,,,,,,,,,,,,,,,,,,
cravan,,,,,,,,,,,,,,,,,,,,,,,,,,,,,,,https://cdn.shopify.com/s/files/1/0297/5046/0549/files/9780847876495-3.jpg,4,Interior image 3,,,,,,,,,,,,,,,,,,,,,,,,,,,,,,,,,,,,,,,,,,,,,,,,,,,,,,,,,,,
cravan,,,,,,,,,,,,,,,,,,,,,,,,,,,,,,,https://cdn.shopify.com/s/files/1/0297/5046/0549/files/9780847876495-4.jpg,5,Interior image 4,,,,,,,,,,,,,,,,,,,,,,,,,,,,,,,,,,,,,,,,,,,,,,,,,,,,,,,,,,,
cravan,,,,,,,,,,,,,,,,,,,,,,,,,,,,,,,https://cdn.shopify.com/s/files/1/0297/5046/0549/files/9780847876495-5.jpg,6,Interior image 5,,,,,,,,,,,,,,,,,,,,,,,,,,,,,,,,,,,,,,,,,,,,,,,,,,,,,,,,,,,
dryads,Dryads:: Spirits of the Trees,"<p><b>This is a *Featured Preorder for a title releasing on June 16, 2026.</b></p><p><em><strong>This is what the publisher tells us about this book:</strong></em></p>
<strong><strong>The first-ever book on an emerging category of spirits poised to shake up the cocktail world—illuminated by the author’s world-spanning travels</strong></strong></div><div>Spirits are typically grouped by their source materials: whiskeys are distilled from grains, rum from sugarcane, brandies from fruits, and so forth. Now another category of spirits, ancient but underrecognized, is emerging in the global marketplace: those distilled from tree saps, which this book christens <em>dryads</em>. Dryads range from <em>arrack</em>, distilled from coconut palm sap in Sri Lanka; to <em>ogorogo</em>, distilled from raffia palm sap in Nigeria; to <em>acerum</em>, distilled from maple sap in Quebec. Each dryad has its own distinctive flavor profile and tradition; together, they are expanding the horizons of cocktail culture.<br> <br> In this abundantly illustrated volume, Brian D. Hoefling—the critically acclaimed author of <em>The Cocktail Seminars</em>—explores the history, culture, and production of each of the major types of dryad. Through his extensive on-the-ground research, Hoefling also shows us how to enjoy these spirits, assembling some sixty outstanding cocktail recipes, each accompanied by a photo. Many of the recipes employ ingredients that the home bartender will have at hand, while others highlight unique local ingredients that serious mixologists will be eager to add to their repertoire. A companion website details which dryad brands are available for purchase in each U.S. state.<br> <br> Bringing together the strands of a cultural tradition that stretch from Sweden to Sri Lanka, from Bali to Benin, and from Manila to Montreal, this groundbreaking book will be an essential resource for hospitality professionals, cocktail connoisseurs, and culinary travelers alike.<br> <br></div></div>
<p><b>* Featured Preorder books earn you an <i>extra </i>150 rewards points, good for $5 off a future purchase. If you're not already a member of our rewards program you can <a href=""https://www.kitchenartsandletters.com/pages/reward""><b>learn more about all the ways to earn points and sign up here.</b></a> It's as simple as creating a store account.</b></p>",WWN,Media > Books > Print Books,BOOK,"Ln_En, 06-16-2026, C",FALSE,Title,Default,,,,,,,,Brian D. Hoefling,2268,shopify,continue,manual,39.95,,TRUE,TRUE,,,,,9780789215055,https://cdn.shopify.com/s/files/1/0297/5046/0549/files/9780789215055.jpg,1,Book Cover: Dryads,,Dryads,,Media > Books,,,,new,FALSE,,,,,,Brian D. Hoefling,Hardcover,dryads,,English,,,,,2026-06-16,,,,,,,,,,,,,,,,,,,,,,,,,,,,,,,,lb,4901.99,,draft
dryads,,,,,,,,,,,,,,,,,,,,,,,,,,,,,,,https://cdn.shopify.com/s/files/1/0297/5046/0549/files/9780789215055-1.jpg,2,Interior image 1,,,,,,,,,,,,,,,,,,,,,,,,,,,,,,,,,,,,,,,,,,,,,,,,,,,,,,,,,,,
dryads,,,,,,,,,,,,,,,,,,,,,,,,,,,,,,,https://cdn.shopify.com/s/files/1/0297/5046/0549/files/9780789215055-2.jpg,3,Interior image 2,,,,,,,,,,,,,,,,,,,,,,,,,,,,,,,,,,,,,,,,,,,,,,,,,,,,,,,,,,,
dryads,,,,,,,,,,,,,,,,,,,,,,,,,,,,,,,https://cdn.shopify.com/s/files/1/0297/5046/0549/files/9780789215055-3.jpg,4,Interior image 3,,,,,,,,,,,,,,,,,,,,,,,,,,,,,,,,,,,,,,,,,,,,,,,,,,,,,,,,,,,
dryads,,,,,,,,,,,,,,,,,,,,,,,,,,,,,,,https://cdn.shopify.com/s/files/1/0297/5046/0549/files/9780789215055-4.jpg,5,Interior image 4,,,,,,,,,,,,,,,,,,,,,,,,,,,,,,,,,,,,,,,,,,,,,,,,,,,,,,,,,,,
dryads,,,,,,,,,,,,,,,,,,,,,,,,,,,,,,,https://cdn.shopify.com/s/files/1/0297/5046/0549/files/9780789215055-5.jpg,6,Interior image 5,,,,,,,,,,,,,,,,,,,,,,,,,,,,,,,,,,,,,,,,,,,,,,,,,,,,,,,,,,,
everyone-hot-pot,Everyone Hot Pot:: Creating the Ultimate Meal for Gathering and Feasting,"<p><b>This is a *Featured Preorder for a title releasing on January 27, 2026.</b></p><p><em><strong>This is what the publisher tells us about this book:</strong></em></p>
<b>An expert chef and the author of <i>More Than Cake </i>covers everything you need to know to make a dazzling hot pot feast—the ancient Chinese tradition that is both a meal and a celebration.</b><br><br> Hot pot is the ancient East Asian cookery method of rapidly poaching bite-size morsels of fresh vegetables, meats, seafood, and tofu in a tableside broth. This communal way of eating is perfect for home dinner parties where guests become active participants in cooking the meal. Though the hot pot table symbolizes bounty and feasting, at its core is frugality and thrift and accessibility to anyone. Four-time James Beard Award nominated chef Natasha Pickowicz provides more than fifty recipes for the broths, dumplings, sides, desserts, and drinks, along with a guide to the essential hot pot ingredients, equipment and tools, plus an explanation on how to pull it all together. Recipes include essential hot pot accompaniments, such as: <ul><li> Not-Just-Scallion Pancakes </li><li> Toasted Cumin and White Sesame Sauce </li><li> Caramelized Mushroom and Cabbage Dumplings </li><li> Charred Tomato and Lemongrass Broth </li><li> Crunchy Seaweed Boats </li><li> Watermelon Shiso Slushie </li></ul><br> Through four distinctly unique hot pot menus, Pickowicz shows how to pull together this cozy tradition best enjoyed at home no matter where you are; everyone, hot pot!</div></div>
<p><b>* Featured Preorder books earn you an <i>extra </i>150 rewards points, good for $5 off a future purchase. If you're not already a member of our rewards program you can <a href=""https://www.kitchenartsandletters.com/pages/reward""><b>learn more about all the ways to earn points and sign up here.</b></a> It's as simple as creating a store account.</b></p>",WORA,Media > Books > Print Books,BOOK,"Ln_En, 01-27-2026, C",FALSE,Title,Default,,,,,,,,Natasha Pickowicz,2268,shopify,continue,manual,30.00,,TRUE,TRUE,,,,,9781648293801,https://cdn.shopify.com/s/files/1/0297/5046/0549/files/9781648293801.jpg,1,Book Cover: Everyone Hot Pot,,Everyone Hot Pot,,Media > Books,,,,new,FALSE,,,,,,Natasha Pickowicz,Hardcover,everyone-hot-pot,,English,,,,,2026-01-27,,,,,,,,,,,,,,,,,,,,,,,,,,,,,,,,lb,4901.99,,draft
everyone-hot-pot,,,,,,,,,,,,,,,,,,,,,,,,,,,,,,,https://cdn.shopify.com/s/files/1/0297/5046/0549/files/9781648293801-1.jpg,2,Interior image 1,,,,,,,,,,,,,,,,,,,,,,,,,,,,,,,,,,,,,,,,,,,,,,,,,,,,,,,,,,,
everyone-hot-pot,,,,,,,,,,,,,,,,,,,,,,,,,,,,,,,https://cdn.shopify.com/s/files/1/0297/5046/0549/files/9781648293801-2.jpg,3,Interior image 2,,,,,,,,,,,,,,,,,,,,,,,,,,,,,,,,,,,,,,,,,,,,,,,,,,,,,,,,,,,
everyone-hot-pot,,,,,,,,,,,,,,,,,,,,,,,,,,,,,,,https://cdn.shopify.com/s/files/1/0297/5046/0549/files/9781648293801-3.jpg,4,Interior image 3,,,,,,,,,,,,,,,,,,,,,,,,,,,,,,,,,,,,,,,,,,,,,,,,,,,,,,,,,,,
everyone-hot-pot,,,,,,,,,,,,,,,,,,,,,,,,,,,,,,,https://cdn.shopify.com/s/files/1/0297/5046/0549/files/9781648293801-4.jpg,5,Interior image 4,,,,,,,,,,,,,,,,,,,,,,,,,,,,,,,,,,,,,,,,,,,,,,,,,,,,,,,,,,,
everyone-hot-pot,,,,,,,,,,,,,,,,,,,,,,,,,,,,,,,https://cdn.shopify.com/s/files/1/0297/5046/0549/files/9781648293801-5.jpg,6,Interior image 5,,,,,,,,,,,,,,,,,,,,,,,,,,,,,,,,,,,,,,,,,,,,,,,,,,,,,,,,,,,
hello-home-cooking,"Hello, Home Cooking:: Do-Able Dishes for Every Day: A Cookbook","<p><b>This is a *Featured Preorder for a title releasing on March 24, 2026.</b></p><p><em><strong>This is what the publisher tells us about this book:</strong></em></p>
<b><b>Comfort food for everyone.</b></b><br><br>In <i>Hello, Home Cooking</i>, Chef Ham El-Waylly taps into everyone’s nostalgia—his versions of beloved dishes carry a can’t-quite-put-my-finger-on-it heart-warming quality. These recipes work for cooks of all levels, using core flavors from different cuisines, and frees readers to mix, match, and shake up classic dishes from all around the world. From Macarona Bechamel that parallels mac ’n’ cheese, and an onion-laden pot roast that rivals any version you grew up eating, to cinnamon toast crunch made out of pita. <i>Hello, Home Cooking</i> shows you a whole new world of comforting classics—all while making sure you don’t need to go to a bunch of specialty stores or take out a second mortgage. &nbsp;<br><br><b>Expect recipes like:</b><br>Everything Pita<br>Overnight Oats with Rose, Cherries, and Pistachios<br>Better Than Boursin<br>Focaccia Baladi<br>Lazy Hummus<br>Zucchini Poached in Yogurt<br>Eggplant and Tofu Ragu<br>Giardiniera Rice<br>Bolivian Cheesy Rice<br>Brazilian Hot Dog Party<br>Carrot Sheet Cake<br><br>With Ham’s guidance, you can make comfort meals adventurous, and brand new dishes will leave you reminiscing like you’ve had—and loved—them a hundred times.</div></div>
<p><b>* Featured Preorder books earn you an <i>extra </i>150 rewards points, good for $5 off a future purchase. If you're not already a member of our rewards program you can <a href=""https://www.kitchenartsandletters.com/pages/reward""><b>learn more about all the ways to earn points and sign up here.</b></a> It's as simple as creating a store account.</b></p>",RDH,Media > Books > Print Books,BOOK,"Ln_En, 03-24-2026, C",FALSE,Title,Default,,,,,,,,Ham El-Waylly,2268,shopify,continue,manual,35.00,,TRUE,TRUE,,,,,9780593796573,https://cdn.shopify.com/s/files/1/0297/5046/0549/files/9780593796573.jpg,1,"Book Cover: Hello, Home Cooking",,"Hello, Home Cooking",,Media > Books,,,,new,FALSE,,,,,,Ham El-Waylly,Hardcover,hello-home-cooking,,English,,,,,2026-03-24,,,,,,,,,,,,,,,,,,,,,,,,,,,,,,,,lb,4901.99,,draft
hello-home-cooking,,,,,,,,,,,,,,,,,,,,,,,,,,,,,,,https://cdn.shopify.com/s/files/1/0297/5046/0549/files/9780593796573-1.jpg,2,Interior image 1,,,,,,,,,,,,,,,,,,,,,,,,,,,,,,,,,,,,,,,,,,,,,,,,,,,,,,,,,,,
hello-home-cooking,,,,,,,,,,,,,,,,,,,,,,,,,,,,,,,https://cdn.shopify.com/s/files/1/0297/5046/0549/files/9780593796573-2.jpg,3,Interior image 2,,,,,,,,,,,,,,,,,,,,,,,,,,,,,,,,,,,,,,,,,,,,,,,,,,,,,,,,,,,
hello-home-cooking,,,,,,,,,,,,,,,,,,,,,,,,,,,,,,,https://cdn.shopify.com/s/files/1/0297/5046/0549/files/9780593796573-3.jpg,4,Interior image 3,,,,,,,,,,,,,,,,,,,,,,,,,,,,,,,,,,,,,,,,,,,,,,,,,,,,,,,,,,,
hello-home-cooking,,,,,,,,,,,,,,,,,,,,,,,,,,,,,,,https://cdn.shopify.com/s/files/1/0297/5046/0549/files/9780593796573-4.jpg,5,Interior image 4,,,,,,,,,,,,,,,,,,,,,,,,,,,,,,,,,,,,,,,,,,,,,,,,,,,,,,,,,,,
hello-home-cooking,,,,,,,,,,,,,,,,,,,,,,,,,,,,,,,https://cdn.shopify.com/s/files/1/0297/5046/0549/files/9780593796573-5.jpg,6,Interior image 5,,,,,,,,,,,,,,,,,,,,,,,,,,,,,,,,,,,,,,,,,,,,,,,,,,,,,,,,,,,
ice-cream-queen,"Ice Cream Queen:: Flavors from Black America's Past, Present, & Future","<p><b>This is a *Featured Preorder for a title releasing on June 16, 2026.</b></p><p><em><strong>This is what the publisher tells us about this book:</strong></em></p>

<p><b>* Featured Preorder books earn you an <i>extra </i>150 rewards points, good for $5 off a future purchase. If you're not already a member of our rewards program you can <a href=""https://www.kitchenartsandletters.com/pages/reward""><b>learn more about all the ways to earn points and sign up here.</b></a> It's as simple as creating a store account.</b></p>",WWN,Media > Books > Print Books,BOOK,"Ln_En, 06-16-2026, C",FALSE,Title,Default,,,,,,,,Lokelani Alabanza,2268,shopify,continue,manual,29.99,,TRUE,TRUE,,,,,9780393881646,https://cdn.shopify.com/s/files/1/0297/5046/0549/files/9780393881646.jpg,1,Book Cover: Ice Cream Queen,,Ice Cream Queen,,Media > Books,,,,new,FALSE,,,,,,Lokelani Alabanza,Hardcover,ice-cream-queen,,English,,,,,2026-06-16,,,,,,,,,,,,,,,,,,,,,,,,,,,,,,,,lb,4901.99,,draft
ice-cream-queen,,,,,,,,,,,,,,,,,,,,,,,,,,,,,,,https://cdn.shopify.com/s/files/1/0297/5046/0549/files/9780393881646-1.jpg,2,Interior image 1,,,,,,,,,,,,,,,,,,,,,,,,,,,,,,,,,,,,,,,,,,,,,,,,,,,,,,,,,,,
ice-cream-queen,,,,,,,,,,,,,,,,,,,,,,,,,,,,,,,https://cdn.shopify.com/s/files/1/0297/5046/0549/files/9780393881646-2.jpg,3,Interior image 2,,,,,,,,,,,,,,,,,,,,,,,,,,,,,,,,,,,,,,,,,,,,,,,,,,,,,,,,,,,
ice-cream-queen,,,,,,,,,,,,,,,,,,,,,,,,,,,,,,,https://cdn.shopify.com/s/files/1/0297/5046/0549/files/9780393881646-3.jpg,4,Interior image 3,,,,,,,,,,,,,,,,,,,,,,,,,,,,,,,,,,,,,,,,,,,,,,,,,,,,,,,,,,,
ice-cream-queen,,,,,,,,,,,,,,,,,,,,,,,,,,,,,,,https://cdn.shopify.com/s/files/1/0297/5046/0549/files/9780393881646-4.jpg,5,Interior image 4,,,,,,,,,,,,,,,,,,,,,,,,,,,,,,,,,,,,,,,,,,,,,,,,,,,,,,,,,,,
ice-cream-queen,,,,,,,,,,,,,,,,,,,,,,,,,,,,,,,https://cdn.shopify.com/s/files/1/0297/5046/0549/files/9780393881646-5.jpg,6,Interior image 5,,,,,,,,,,,,,,,,,,,,,,,,,,,,,,,,,,,,,,,,,,,,,,,,,,,,,,,,,,,
italian-cookies,Italian Cookies:: Authentic Recipes and Sweet Stories from Every Region,"<p><b>This is a *Featured Preorder for a title releasing on April 14, 2026.</b></p><p><em><strong>This is what the publisher tells us about this book:</strong></em></p>
<b>This definitive Italian cookie cookbook has 100 authentic recipes, including baking hints and techniques, plus regional stories and a list of Italian bakeries.</b><br><br><i>Italian Cookies: Authentic Recipes and Sweet Stories from Every Region</i> is a beautiful, comprehensive guided tour of Italy’s regions by cookies and cookie stories. With recipes steeped in history and tradition, the book capitalizes on two major continuing food trends: our love of everything cookies and our love of everything Italian.<br><br>From Lombardy’s meringue-like Amaretti de Gallarate to Tuscany’s crunchy twice-baked Cantucci; Abruzzo’s rustic Pizzelle to Sardina’s fennel-scented Anisetti, the reader will discover cookies for every taste and occasion. Directed to the home cook, the book will also include recipes for sweet essentials including candied citrus, <i>amarene </i>(sour cherries preserved in syrup), pastry cream, homemade almond (and hazelnut and pistachio) paste, and <i>pasta frolla</i>—the buttery pastry that forms the foundation of many Italian cookies. Sections on ingredients, equipment, and basic techniques make this book accessible to all.</div></div>
<p><b>* Featured Preorder books earn you an <i>extra </i>150 rewards points, good for $5 off a future purchase. If you're not already a member of our rewards program you can <a href=""https://www.kitchenartsandletters.com/pages/reward""><b>learn more about all the ways to earn points and sign up here.</b></a> It's as simple as creating a store account.</b></p>",GBSM,Media > Books > Print Books,BOOK,"Ln_En, 04-14-2026, C",FALSE,Title,Default,,,,,,,,"Domenica Marchetti, Lauren Volo (By (photographer))",2268,shopify,continue,manual,35.00,,TRUE,TRUE,,,,,9781423668466,https://cdn.shopify.com/s/files/1/0297/5046/0549/files/9781423668466.jpg,1,Book Cover: Italian Cookies,,Italian Cookies,,Media > Books,,,,new,FALSE,,,,,,"Domenica Marchetti, Lauren Volo (By (photographer))",Hardcover,italian-cookies,,English,,,,,2026-04-14,,,,,,,,,,,,,,,,,,,,,,,,,,,,,,,,lb,4901.99,,draft
italian-cookies,,,,,,,,,,,,,,,,,,,,,,,,,,,,,,,https://cdn.shopify.com/s/files/1/0297/5046/0549/files/9781423668466-1.jpg,2,Interior image 1,,,,,,,,,,,,,,,,,,,,,,,,,,,,,,,,,,,,,,,,,,,,,,,,,,,,,,,,,,,
italian-cookies,,,,,,,,,,,,,,,,,,,,,,,,,,,,,,,https://cdn.shopify.com/s/files/1/0297/5046/0549/files/9781423668466-2.jpg,3,Interior image 2,,,,,,,,,,,,,,,,,,,,,,,,,,,,,,,,,,,,,,,,,,,,,,,,,,,,,,,,,,,
italian-cookies,,,,,,,,,,,,,,,,,,,,,,,,,,,,,,,https://cdn.shopify.com/s/files/1/0297/5046/0549/files/9781423668466-3.jpg,4,Interior image 3,,,,,,,,,,,,,,,,,,,,,,,,,,,,,,,,,,,,,,,,,,,,,,,,,,,,,,,,,,,
italian-cookies,,,,,,,,,,,,,,,,,,,,,,,,,,,,,,,https://cdn.shopify.com/s/files/1/0297/5046/0549/files/9781423668466-4.jpg,5,Interior image 4,,,,,,,,,,,,,,,,,,,,,,,,,,,,,,,,,,,,,,,,,,,,,,,,,,,,,,,,,,,
italian-cookies,,,,,,,,,,,,,,,,,,,,,,,,,,,,,,,https://cdn.shopify.com/s/files/1/0297/5046/0549/files/9781423668466-5.jpg,6,Interior image 5,,,,,,,,,,,,,,,,,,,,,,,,,,,,,,,,,,,,,,,,,,,,,,,,,,,,,,,,,,,
jacques-pepin-complete-techniques-50th-anniversary-edition,"Jacques Pépin Complete Techniques 50th Anniversary Edition:: A Culinary Master Class from the Legendary Teacher—Over 600 Techniques, 1,000 Photographs, 160 Recipes","<p><b>This is a *Featured Preorder for a title releasing on April 07, 2026.</b></p><p><em><strong>This is what the publisher tells us about this book:</strong></em></p>
<p><b>Celebrate the 50th anniversary of the grand master of cooking skills and methods, Jacques Pépin’s classic work that serves as a staple in both home and professional kitchens around the world.&nbsp;</b><br><br> Comprehensive, authoritative, but never intimidating, <i>Jacques Pepin’s&nbsp;Complete Techniques</i>—which combines the master chef’s landmark works,&nbsp;<i>La Methode</i>&nbsp;and&nbsp;<i>La Technique</i>—includes more than 600 cooking techniques and methods along with 160 recipes. Each recipe and technique is explained using step-by-step instructions accompanied by more than 1,000 photographs featuring Pépin himself. Follow along as this culinary legend demonstrates every aspect of classic cooking, from start to finish, teaching&nbsp;readers how to bone a chicken, poach an egg, whisk a perfect hollandaise, knead a crispy baguette, or bake an exquisite meringue with the perfection and efficiency of a professional. Throughout the book are Pepin’s classic recipes, which offer budding masters the opportunity to put lessons into practice with extraordinary results. </p><p> The time-tested recipes in this volume teach everyone, from the greenest home cook to the most wizened professional, how to put techniques into practice. This completely revised edition includes color and black-and-white photographs and is redesigned to make it even easier to follow the step-by-step techniques. </p></div></div>
<p><b>* Featured Preorder books earn you an <i>extra </i>150 rewards points, good for $5 off a future purchase. If you're not already a member of our rewards program you can <a href=""https://www.kitchenartsandletters.com/pages/reward""><b>learn more about all the ways to earn points and sign up here.</b></a> It's as simple as creating a store account.</b></p>",WORB,Media > Books > Print Books,BOOK,"Ln_En, 04-07-2026, C",FALSE,Title,Default,,,,,,,,Jacques Pépin,2268,shopify,continue,manual,60.00,,TRUE,TRUE,,,,,9798894141800,https://cdn.shopify.com/s/files/1/0297/5046/0549/files/9798894141800.jpg,1,Book Cover: Jacques Pépin Complete Techniques 50th Anniversary Edition,,Jacques Pépin Complete Techniques 50th Anniversary Edition,,Media > Books,,,,new,FALSE,,,,,,Jacques Pépin,Hardcover,jacques-pepin-complete-techniques-50th-anniversary-edition,,English,,,,,2026-04-07,,,,,,,,,,,,,,,,,,,,,,,,,,,,,,,,lb,4901.99,,draft
jacques-pepin-complete-techniques-50th-anniversary-edition,,,,,,,,,,,,,,,,,,,,,,,,,,,,,,,https://cdn.shopify.com/s/files/1/0297/5046/0549/files/9798894141800-1.jpg,2,Interior image 1,,,,,,,,,,,,,,,,,,,,,,,,,,,,,,,,,,,,,,,,,,,,,,,,,,,,,,,,,,,
jacques-pepin-complete-techniques-50th-anniversary-edition,,,,,,,,,,,,,,,,,,,,,,,,,,,,,,,https://cdn.shopify.com/s/files/1/0297/5046/0549/files/9798894141800-2.jpg,3,Interior image 2,,,,,,,,,,,,,,,,,,,,,,,,,,,,,,,,,,,,,,,,,,,,,,,,,,,,,,,,,,,
jacques-pepin-complete-techniques-50th-anniversary-edition,,,,,,,,,,,,,,,,,,,,,,,,,,,,,,,https://cdn.shopify.com/s/files/1/0297/5046/0549/files/9798894141800-3.jpg,4,Interior image 3,,,,,,,,,,,,,,,,,,,,,,,,,,,,,,,,,,,,,,,,,,,,,,,,,,,,,,,,,,,
jacques-pepin-complete-techniques-50th-anniversary-edition,,,,,,,,,,,,,,,,,,,,,,,,,,,,,,,https://cdn.shopify.com/s/files/1/0297/5046/0549/files/9798894141800-4.jpg,5,Interior image 4,,,,,,,,,,,,,,,,,,,,,,,,,,,,,,,,,,,,,,,,,,,,,,,,,,,,,,,,,,,
jacques-pepin-complete-techniques-50th-anniversary-edition,,,,,,,,,,,,,,,,,,,,,,,,,,,,,,,https://cdn.shopify.com/s/files/1/0297/5046/0549/files/9798894141800-5.jpg,6,Interior image 5,,,,,,,,,,,,,,,,,,,,,,,,,,,,,,,,,,,,,,,,,,,,,,,,,,,,,,,,,,,
la-copine,La Copine:: New California Cooking from an Oasis in the Desert,"<p><b>This is a *Featured Preorder for a title releasing on April 28, 2026.</b></p><p><em><strong>This is what the publisher tells us about this book:</strong></em></p>
<b>From La Copine, a destination restaurant near Joshua Tree, comes a beautiful debut cookbook with stories of life in the desert and recipes that capture a unique approach to California cooking</b><br><br> Out in the California desert near Joshua Tree, La Copine spins its own kind of magic, powered by business and life partners Claire Wadsworth and Nikki Hill, the drama of the landscape, the eclectic local population, and of course, the irresistible food.<br><br> With celebrity clientele and glowing reviews in the <i>New York Times</i>, <i>Eater</i>, <i>Vogue</i>, and others, this restaurant is beloved by California visitors and locals alike. In their debut cookbook, <i>La Copine</i>,&nbsp;Wadsworth and Hill share stories of their love, life, community, and the spirit of La Copine, one delicious recipe at a time.<br><br> Dubbed the West Coast’s answer to Via Carota’s Rita and Jody, Wadsworth and Hill are passionate, community-driven, California cooks with a deep love for each other and the people around them. They welcome their guests to La Copine (which means ""girlfriend"" in French) with open arms, create a safe haven for the queer community outside of Los Angeles, and have a deep sense of care and pride for everything they put on the plate.<br><br> Home cooks will want to adopt the restaurant’s “California soul” style: veggie-forward, innovative yet comforting, light enough for lunch, yet substantial enough to gather around and linger over. From ""hunky"" salads (as described by the <i>New York Times</i>) to special-occasion sandwiches to summery, boldly flavored grilled meats and vegetables to simple, no-bake desserts, La Copine’s food roams far and wide but always imparts a sense of home.<br><br> More than the recipes, though, Wadsworth and Hill’s backstory as a couple, the business they’ve built together, and the community they’ve found in the desert, make for an armchair trip through the remote and spectacular setting, as well as a mission statement for creating a life on one’s own terms.</div></div>
<p><b>* Featured Preorder books earn you an <i>extra </i>150 rewards points, good for $5 off a future purchase. If you're not already a member of our rewards program you can <a href=""https://www.kitchenartsandletters.com/pages/reward""><b>learn more about all the ways to earn points and sign up here.</b></a> It's as simple as creating a store account.</b></p>",ABR,Media > Books > Print Books,BOOK,"Ln_En, 04-28-2026, C",FALSE,Title,Default,,,,,,,,"Claire Wadsworth, Nikki Hill, Ben Mims",2268,shopify,continue,manual,45.00,,TRUE,TRUE,,,,,9781419778223,https://cdn.shopify.com/s/files/1/0297/5046/0549/files/9781419778223.jpg,1,Book Cover: La Copine,,La Copine,,Media > Books,,,,new,FALSE,,,,,,"Claire Wadsworth, Nikki Hill, Ben Mims",Hardcover,la-copine,,English,,,,,2026-04-28,,,,,,,,,,,,,,,,,,,,,,,,,,,,,,,,lb,4901.99,,draft
la-copine,,,,,,,,,,,,,,,,,,,,,,,,,,,,,,,https://cdn.shopify.com/s/files/1/0297/5046/0549/files/9781419778223-1.jpg,2,Interior image 1,,,,,,,,,,,,,,,,,,,,,,,,,,,,,,,,,,,,,,,,,,,,,,,,,,,,,,,,,,,
la-copine,,,,,,,,,,,,,,,,,,,,,,,,,,,,,,,https://cdn.shopify.com/s/files/1/0297/5046/0549/files/9781419778223-2.jpg,3,Interior image 2,,,,,,,,,,,,,,,,,,,,,,,,,,,,,,,,,,,,,,,,,,,,,,,,,,,,,,,,,,,
la-copine,,,,,,,,,,,,,,,,,,,,,,,,,,,,,,,https://cdn.shopify.com/s/files/1/0297/5046/0549/files/9781419778223-3.jpg,4,Interior image 3,,,,,,,,,,,,,,,,,,,,,,,,,,,,,,,,,,,,,,,,,,,,,,,,,,,,,,,,,,,
la-copine,,,,,,,,,,,,,,,,,,,,,,,,,,,,,,,https://cdn.shopify.com/s/files/1/0297/5046/0549/files/9781419778223-4.jpg,5,Interior image 4,,,,,,,,,,,,,,,,,,,,,,,,,,,,,,,,,,,,,,,,,,,,,,,,,,,,,,,,,,,
la-copine,,,,,,,,,,,,,,,,,,,,,,,,,,,,,,,https://cdn.shopify.com/s/files/1/0297/5046/0549/files/9781419778223-5.jpg,6,Interior image 5,,,,,,,,,,,,,,,,,,,,,,,,,,,,,,,,,,,,,,,,,,,,,,,,,,,,,,,,,,,
lebanon,Lebanon:: Cooking the Foods of My Homeland,"<p><b>This is a *Featured Preorder for a title releasing on March 10, 2026.</b></p><p><em><strong>This is what the publisher tells us about this book:</strong></em></p>
<p><strong>From James Beard Award–winning author Anissa Helou, a vibrant and inviting look at the food of her home country, exploring the astonishing variety of local Lebanese cuisine&nbsp;</strong></p> <p>Though she has lived all over the world, Anissa Helou has her heart firmly in one place: Lebanon, her late mother’s home country and the place she grew up. In her ninth book, Helou shares the beauty and diversity of the country’s regional cuisines, along with a deep look at its culinary history and culture.</p><p>While only half the size of New Jersey, Lebanon boasts an astounding variety in its cuisine, including classics like hommos or kibbeh, as well as lesser-known regional specialties. Spanning a breadth of dishes from flat breads and savory pastries, soups, dips, and salads to stuffed vegetables, fish, poultry, and grains, <em>Lebanon</em> represents Helou’s unique perspective on the most essential—and delightful—dishes from her homeland. Meatballs in lemony sauce, fava beans and lamb in yogurt, lentil risotto, and baked fish with Tripolitan tahini cilantro sauce are just a few of her chosen favorites among 165 recipes, along with delectable sweets, including sweet walnut triangles, aniseed fritters, semolina cream pastries, and tahini rice pudding.</p><p><em>Lebanon</em> is animated by Helou’s warm and conversational voice, punctuated by her family stories as well as her reflections and encounters as she treks through Lebanon to discover—and rediscover—her home country’s rich and varied culinary traditions.&nbsp;</p></div></div>
<p><b>* Featured Preorder books earn you an <i>extra </i>150 rewards points, good for $5 off a future purchase. If you're not already a member of our rewards program you can <a href=""https://www.kitchenartsandletters.com/pages/reward""><b>learn more about all the ways to earn points and sign up here.</b></a> It's as simple as creating a store account.</b></p>",HAR,Media > Books > Print Books,BOOK,"Ln_En, 03-10-2026, C",FALSE,Title,Default,,,,,,,,Anissa Helou,2268,shopify,continue,manual,50.00,,TRUE,TRUE,,,,,9780063334922,https://cdn.shopify.com/s/files/1/0297/5046/0549/files/9780063334922.jpg,1,Book Cover: Lebanon,,Lebanon,,Media > Books,,,,new,FALSE,,,,,,Anissa Helou,Hardcover,lebanon,,English,,,,,2026-03-10,,,,,,,,,,,,,,,,,,,,,,,,,,,,,,,,lb,4901.99,,draft
lebanon,,,,,,,,,,,,,,,,,,,,,,,,,,,,,,,https://cdn.shopify.com/s/files/1/0297/5046/0549/files/9780063334922-1.jpg,2,Interior image 1,,,,,,,,,,,,,,,,,,,,,,,,,,,,,,,,,,,,,,,,,,,,,,,,,,,,,,,,,,,
lebanon,,,,,,,,,,,,,,,,,,,,,,,,,,,,,,,https://cdn.shopify.com/s/files/1/0297/5046/0549/files/9780063334922-2.jpg,3,Interior image 2,,,,,,,,,,,,,,,,,,,,,,,,,,,,,,,,,,,,,,,,,,,,,,,,,,,,,,,,,,,
lebanon,,,,,,,,,,,,,,,,,,,,,,,,,,,,,,,https://cdn.shopify.com/s/files/1/0297/5046/0549/files/9780063334922-3.jpg,4,Interior image 3,,,,,,,,,,,,,,,,,,,,,,,,,,,,,,,,,,,,,,,,,,,,,,,,,,,,,,,,,,,
lebanon,,,,,,,,,,,,,,,,,,,,,,,,,,,,,,,https://cdn.shopify.com/s/files/1/0297/5046/0549/files/9780063334922-4.jpg,5,Interior image 4,,,,,,,,,,,,,,,,,,,,,,,,,,,,,,,,,,,,,,,,,,,,,,,,,,,,,,,,,,,
lebanon,,,,,,,,,,,,,,,,,,,,,,,,,,,,,,,https://cdn.shopify.com/s/files/1/0297/5046/0549/files/9780063334922-5.jpg,6,Interior image 5,,,,,,,,,,,,,,,,,,,,,,,,,,,,,,,,,,,,,,,,,,,,,,,,,,,,,,,,,,,
modern-australian-baking,"Modern Australian Baking:: Sweet, Savoury, Seasonal & Native:","<p><b>This is a *Featured Preorder for a title releasing on March 03, 2026.</b></p><p><em><strong>This is what the publisher tells us about this book:</strong></em></p>
<b>In this beautifully designed cookbook, master pastry chef Christopher Thé shares his recipes and tips for standout modern cakes, bread and pastries that are defined by the Australian landscape and its distinctive produce.</b></div><div><p><b>In his cookbook <i>Modern Australian Baking</i>, Christopher Thé, founder of Blackstar Bakery and creator of 'the world's most Instagrammed cake', offers a masterclass in cakes, breads and pastries that are defined by the Australian landscape and its distinctive produce.</b></p><p>The book includes more than 80 sweet and savoury recipes, arranged by season, from Geraldton Wax Cheesecake with Strawberry Gum Biscuit to Saltbush Scones with Desert Lime Marmalade and Kangaroo Shepherd's Pie with Bush Tomato Relish. Chris grew up in Sydney and now runs the artisan cake shop Hearthe. His recipes are suitable for anyone who is new to this style of baking, but will also inspire more skilled cooks and bakers.</p><p>A native ingredients guide provides information on ingredients that are becoming more commonly used – such as wattle seed, lemon myrtle and lilly pilly – and how to use them. This is a cookery book intimately rooted in place, uniquely Australian, and crafted for a sustainable future.</p></div></div>
<p><b>* Featured Preorder books earn you an <i>extra </i>150 rewards points, good for $5 off a future purchase. If you're not already a member of our rewards program you can <a href=""https://www.kitchenartsandletters.com/pages/reward""><b>learn more about all the ways to earn points and sign up here.</b></a> It's as simple as creating a store account.</b></p>",HGUS,Media > Books > Print Books,BOOK,"Ln_En, 03-03-2026, C",FALSE,Title,Default,,,,,,,,Christopher Thé,2268,shopify,continue,manual,40.00,,TRUE,TRUE,,,,,9781761450686,https://cdn.shopify.com/s/files/1/0297/5046/0549/files/9781761450686.jpg,1,Book Cover: Modern Australian Baking,,Modern Australian Baking,,Media > Books,,,,new,FALSE,,,,,,Christopher Thé,Hardcover,modern-australian-baking,,English,,,,,2026-03-03,,,,,,,,,,,,,,,,,,,,,,,,,,,,,,,,lb,4901.99,,draft
modern-australian-baking,,,,,,,,,,,,,,,,,,,,,,,,,,,,,,,https://cdn.shopify.com/s/files/1/0297/5046/0549/files/9781761450686-1.jpg,2,Interior image 1,,,,,,,,,,,,,,,,,,,,,,,,,,,,,,,,,,,,,,,,,,,,,,,,,,,,,,,,,,,
modern-australian-baking,,,,,,,,,,,,,,,,,,,,,,,,,,,,,,,https://cdn.shopify.com/s/files/1/0297/5046/0549/files/9781761450686-2.jpg,3,Interior image 2,,,,,,,,,,,,,,,,,,,,,,,,,,,,,,,,,,,,,,,,,,,,,,,,,,,,,,,,,,,
modern-australian-baking,,,,,,,,,,,,,,,,,,,,,,,,,,,,,,,https://cdn.shopify.com/s/files/1/0297/5046/0549/files/9781761450686-3.jpg,4,Interior image 3,,,,,,,,,,,,,,,,,,,,,,,,,,,,,,,,,,,,,,,,,,,,,,,,,,,,,,,,,,,
modern-australian-baking,,,,,,,,,,,,,,,,,,,,,,,,,,,,,,,https://cdn.shopify.com/s/files/1/0297/5046/0549/files/9781761450686-4.jpg,5,Interior image 4,,,,,,,,,,,,,,,,,,,,,,,,,,,,,,,,,,,,,,,,,,,,,,,,,,,,,,,,,,,
modern-australian-baking,,,,,,,,,,,,,,,,,,,,,,,,,,,,,,,https://cdn.shopify.com/s/files/1/0297/5046/0549/files/9781761450686-5.jpg,6,Interior image 5,,,,,,,,,,,,,,,,,,,,,,,,,,,,,,,,,,,,,,,,,,,,,,,,,,,,,,,,,,,
nothing-matters-but-delicious,Nothing Matters but Delicious:: A Radically Honest Cookbook,"<p><b>This is a *Featured Preorder for a title releasing on May 26, 2026.</b></p><p><em><strong>This is what the publisher tells us about this book:</strong></em></p>
<b><b>Learn&nbsp;how to make restaurant-quality dishes at home with <i>Nothing Matters...but Delicious</i>, an accessible, achievable, and delicious collection of 75 recipes from the award-winning chef and owner of Olmsted, Patti Ann's, and Five Acres.</b></b><br><br>Much of the fancy technique you see at restaurants doesn’t <i>really </i>matter. You can get the nearly same effect with infinitely less work, and it’s more fun and you might actually do it. Many of tropes of fine dining cookbook recipes—the hyperspecificity, the rigidity of the recipes—they don’t matter either. <i>Nothing Matters...but Delicious</i>.<br><br>In this cookbook-like-no-other, award-winning chef and restaurateur Greg Baxtrom invites you into his energetic kitchen, sharing his honest and encouraging methodologies for exquisite dishes. <i>Nothing Matters...but Delicious</i> gives home cooks of all abilities the confidence and techniques to never quit on their culinary journey.<br><br>Filled with sidebars containing helpful tips and lessons, like how to recover from cooking mistakes, and photographs and infographics to assist you every step of the way, readers will delight in this guide to culinary perfection. Recipes flow from easy to complex, with beginner recipes like <b>Simple Ribeye with Roasted Root Vegetables </b>and <b>Easy Peasy Mac &amp; Cheesy </b>to the more complicated <b>Bouillabaisse</b> and <b>Indoor S’more</b>.<br><br>With a slew of broken-down tips and easy-to-digest guidance, <i>Nothing Matters...but Delicious</i> has something for everyone.</div></div>
<p><b>* Featured Preorder books earn you an <i>extra </i>150 rewards points, good for $5 off a future purchase. If you're not already a member of our rewards program you can <a href=""https://www.kitchenartsandletters.com/pages/reward""><b>learn more about all the ways to earn points and sign up here.</b></a> It's as simple as creating a store account.</b></p>",RDH,Media > Books > Print Books,BOOK,"Ln_En, 05-26-2026, C",FALSE,Title,Default,,,,,,,,Greg Baxtrom with Joshua David Stein,2268,shopify,continue,manual,35.00,,TRUE,TRUE,,,,,9781984863560,https://cdn.shopify.com/s/files/1/0297/5046/0549/files/9781984863560.jpg,1,Book Cover: Nothing Matters but Delicious,,Nothing Matters but Delicious,,Media > Books,,,,new,FALSE,,,,,,Greg Baxtrom with Joshua David Stein,Hardcover,nothing-matters-but-delicious,,English,,,,,2026-05-26,,,,,,,,,,,,,,,,,,,,,,,,,,,,,,,,lb,4901.99,,draft
nothing-matters-but-delicious,,,,,,,,,,,,,,,,,,,,,,,,,,,,,,,https://cdn.shopify.com/s/files/1/0297/5046/0549/files/9781984863560-1.jpg,2,Interior image 1,,,,,,,,,,,,,,,,,,,,,,,,,,,,,,,,,,,,,,,,,,,,,,,,,,,,,,,,,,,
nothing-matters-but-delicious,,,,,,,,,,,,,,,,,,,,,,,,,,,,,,,https://cdn.shopify.com/s/files/1/0297/5046/0549/files/9781984863560-2.jpg,3,Interior image 2,,,,,,,,,,,,,,,,,,,,,,,,,,,,,,,,,,,,,,,,,,,,,,,,,,,,,,,,,,,
nothing-matters-but-delicious,,,,,,,,,,,,,,,,,,,,,,,,,,,,,,,https://cdn.shopify.com/s/files/1/0297/5046/0549/files/9781984863560-3.jpg,4,Interior image 3,,,,,,,,,,,,,,,,,,,,,,,,,,,,,,,,,,,,,,,,,,,,,,,,,,,,,,,,,,,
nothing-matters-but-delicious,,,,,,,,,,,,,,,,,,,,,,,,,,,,,,,https://cdn.shopify.com/s/files/1/0297/5046/0549/files/9781984863560-4.jpg,5,Interior image 4,,,,,,,,,,,,,,,,,,,,,,,,,,,,,,,,,,,,,,,,,,,,,,,,,,,,,,,,,,,
nothing-matters-but-delicious,,,,,,,,,,,,,,,,,,,,,,,,,,,,,,,https://cdn.shopify.com/s/files/1/0297/5046/0549/files/9781984863560-5.jpg,6,Interior image 5,,,,,,,,,,,,,,,,,,,,,,,,,,,,,,,,,,,,,,,,,,,,,,,,,,,,,,,,,,,
nyc-street-vendors,"NYC Street Vendors:: Food Trucks, Coffee Carts, Market Stalls, and More","<p><b>This is a *Featured Preorder for a title releasing on March 10, 2026.</b></p><p><em><strong>This is what the publisher tells us about this book:</strong></em></p>
<b><b>A visual love letter to the food carts, market stalls, and sidewalk entrepreneurs that give New York City its flavor, grit, and humanity.</b></b><br><br>From halal trucks in Queens to mango stands in the Bronx, churro sellers in Brooklyn to taco bikes in Manhattan, <i>NYC Street Vendors</i> features over 150 of the city’s most beloved curbside operations.<br><br>Illustrator Joel Holland captures the soul of New York’s informal economy through bold, expressive drawings which are paired with insightful, engaging text penned by local writer David Dodge. Building on the success of the duo’s earlier books, which covered storefronts in Manhattan and Brooklyn, this volume shifts focus to the vibrant community of rolling kitchens, pop-up stands, and independent sellers.<br><br>Alongside longtime fixtures like NY Dosas, Mister Softee, and the Arepa Lady, readers will discover Japanese musubi carts, knife- sharpening trucks, Jamaican jerk vendors, mobile bookstores, and bustling hubs like the Union Square Greenmarket. Many of the entrepreneurs featured are immigrants whose work has helped shape the cultural fabric of the five boroughs—making the project a powerful reminder of the essential role they play in New York’s identity.</div></div>
<p><b>* Featured Preorder books earn you an <i>extra </i>150 rewards points, good for $5 off a future purchase. If you're not already a member of our rewards program you can <a href=""https://www.kitchenartsandletters.com/pages/reward""><b>learn more about all the ways to earn points and sign up here.</b></a> It's as simple as creating a store account.</b></p>",PRST,Media > Books > Print Books,BOOK,"Ln_En, 03-10-2026, C",FALSE,Title,Default,,,,,,,,"Joel Holland (Illustrated by), David Dodge (Text by)",2268,shopify,continue,manual,35.00,,TRUE,TRUE,,,,,9783791393728,https://cdn.shopify.com/s/files/1/0297/5046/0549/files/9783791393728.jpg,1,Book Cover: NYC Street Vendors,,NYC Street Vendors,,Media > Books,,,,new,FALSE,,,,,,"Joel Holland (Illustrated by), David Dodge (Text by)",Hardcover,nyc-street-vendors,,English,,,,,2026-03-10,,,,,,,,,,,,,,,,,,,,,,,,,,,,,,,,lb,4901.99,,draft
nyc-street-vendors,,,,,,,,,,,,,,,,,,,,,,,,,,,,,,,https://cdn.shopify.com/s/files/1/0297/5046/0549/files/9783791393728-1.jpg,2,Interior image 1,,,,,,,,,,,,,,,,,,,,,,,,,,,,,,,,,,,,,,,,,,,,,,,,,,,,,,,,,,,
nyc-street-vendors,,,,,,,,,,,,,,,,,,,,,,,,,,,,,,,https://cdn.shopify.com/s/files/1/0297/5046/0549/files/9783791393728-2.jpg,3,Interior image 2,,,,,,,,,,,,,,,,,,,,,,,,,,,,,,,,,,,,,,,,,,,,,,,,,,,,,,,,,,,
nyc-street-vendors,,,,,,,,,,,,,,,,,,,,,,,,,,,,,,,https://cdn.shopify.com/s/files/1/0297/5046/0549/files/9783791393728-3.jpg,4,Interior image 3,,,,,,,,,,,,,,,,,,,,,,,,,,,,,,,,,,,,,,,,,,,,,,,,,,,,,,,,,,,
nyc-street-vendors,,,,,,,,,,,,,,,,,,,,,,,,,,,,,,,https://cdn.shopify.com/s/files/1/0297/5046/0549/files/9783791393728-4.jpg,5,Interior image 4,,,,,,,,,,,,,,,,,,,,,,,,,,,,,,,,,,,,,,,,,,,,,,,,,,,,,,,,,,,
nyc-street-vendors,,,,,,,,,,,,,,,,,,,,,,,,,,,,,,,https://cdn.shopify.com/s/files/1/0297/5046/0549/files/9783791393728-5.jpg,6,Interior image 5,,,,,,,,,,,,,,,,,,,,,,,,,,,,,,,,,,,,,,,,,,,,,,,,,,,,,,,,,,,
odette,"Odette:: Terroir to Table, Heart to Plate","<p><b>This is a *Featured Preorder for a title releasing on May 13, 2026.</b></p><p><em><strong>This is what the publisher tells us about this book:</strong></em></p>
From acclaimed chef Julien Royer, a celebration of heritage, seasonality, and terroir reflecting the spirit of Odette, Royer’s three-Michelin-starred restaurant at the National Gallery in Singapore</div><div><p><strong>From acclaimed chef Julien Royer, a celebration of heritage, seasonality, and terroir reflecting the spirit of Odette, Royer’s three-Michelin-starred restaurant at the National Gallery in Singapore</strong></p> <p>‘This book invites us into Odette’s intimate and generous universe, where every page conveys the magic that continues to inspire chefs around the world.’ – Jorge Vallejo, chef and owner, Quintonil</p> <p>As chef-owner of Odette – one of Asia’s most lauded restaurants, and a fixture on the World’s 50 Best Restaurants list – Julien Royer balances French technique with Southeast Asian terroir to create a cuisine defined by grace, clarity, and emotional resonance. Named after Royer’s beloved grandmother, Odette attracts guests from around the globe with its refreshing perspective on modern fine dining.</p> <p><em>Odette: Terroir to Table, Heart to Plate</em> is an intimate, elegant tribute to the people, places, and philosophies that have shaped Royer’s culinary journey. The book opens with a series of deeply personal essays exploring Royer’s upbringing in rural France, the culinary influences that shaped him, and the values that guide his restaurant – from hospitality and mentorship to design and storytelling. Together, these narratives offer insight into a creative practice grounded in memory, emotion, and the pursuit of excellence.</p> <p>The second section of the book is devoted to over 80 recipes, arranged to reflect the rhythm of a meal at Odette – from playful starters to vegetables, fish and seafood, meat and poultry, and desserts. Iconic dishes such as Mushroom Tea with Sabayon, Rosemary-Smoked Organic Egg, Pigeon, Beetroot, Cherry, and Marukyo Uni appear here, accompanied by stunning images and essays sharing the inspiration behind each plate.</p> <p>The book itself is an exceptional design object, with a striking cover and a palette that echoes the restaurant’s distinctive aesthetic. Photography throughout captures more than finished plates – it reveals process, intention, and the quiet choreography of the kitchen.</p> <p>Visually compelling and narratively rich, <em>Odette: Terroir to Table, Heart to Plate</em> is an essential record of one of the defining restaurants of our time and a portrait of a chef at the height of his career.</p></div></div>
<p><b>* Featured Preorder books earn you an <i>extra </i>150 rewards points, good for $5 off a future purchase. If you're not already a member of our rewards program you can <a href=""https://www.kitchenartsandletters.com/pages/reward""><b>learn more about all the ways to earn points and sign up here.</b></a> It's as simple as creating a store account.</b></p>",PHAI,Media > Books > Print Books,BOOK,"Ln_En, 05-13-2026, C",FALSE,Title,Default,,,,,,,,"Daniel Boulud (Contributions by), Dominique Crenn (Contributions by)",2268,shopify,continue,manual,64.95,,TRUE,TRUE,,,,,9781837291090,https://cdn.shopify.com/s/files/1/0297/5046/0549/files/9781837291090.jpg,1,Book Cover: Odette,,Odette,,Media > Books,,,,new,FALSE,,,,,,"Daniel Boulud (Contributions by), Dominique Crenn (Contributions by)",Hardcover,odette,,English,,,,,2026-05-13,,,,,,,,,,,,,,,,,,,,,,,,,,,,,,,,lb,4901.99,,draft
odette,,,,,,,,,,,,,,,,,,,,,,,,,,,,,,,https://cdn.shopify.com/s/files/1/0297/5046/0549/files/9781837291090-1.jpg,2,Interior image 1,,,,,,,,,,,,,,,,,,,,,,,,,,,,,,,,,,,,,,,,,,,,,,,,,,,,,,,,,,,
odette,,,,,,,,,,,,,,,,,,,,,,,,,,,,,,,https://cdn.shopify.com/s/files/1/0297/5046/0549/files/9781837291090-2.jpg,3,Interior image 2,,,,,,,,,,,,,,,,,,,,,,,,,,,,,,,,,,,,,,,,,,,,,,,,,,,,,,,,,,,
odette,,,,,,,,,,,,,,,,,,,,,,,,,,,,,,,https://cdn.shopify.com/s/files/1/0297/5046/0549/files/9781837291090-3.jpg,4,Interior image 3,,,,,,,,,,,,,,,,,,,,,,,,,,,,,,,,,,,,,,,,,,,,,,,,,,,,,,,,,,,
odette,,,,,,,,,,,,,,,,,,,,,,,,,,,,,,,https://cdn.shopify.com/s/files/1/0297/5046/0549/files/9781837291090-4.jpg,5,Interior image 4,,,,,,,,,,,,,,,,,,,,,,,,,,,,,,,,,,,,,,,,,,,,,,,,,,,,,,,,,,,
odette,,,,,,,,,,,,,,,,,,,,,,,,,,,,,,,https://cdn.shopify.com/s/files/1/0297/5046/0549/files/9781837291090-5.jpg,6,Interior image 5,,,,,,,,,,,,,,,,,,,,,,,,,,,,,,,,,,,,,,,,,,,,,,,,,,,,,,,,,,,
on-taste,On Taste:: In Humans and Other Animals,"<p><b>This is a *Featured Preorder for a title releasing on June 16, 2026.</b></p><p><em><strong>This is what the publisher tells us about this book:</strong></em></p>
Are there only five tastes, sweet, salty, sour, bitter, and umami? Why are some so appealing to us while others are what we call acquired tastes? Do other animals perceive tastes in the same way humans do? How did the sense of taste evolve? Should the hotness of chili peppers, the coolness of mint, and the pungency of garlic be considered tastes? What can taste teach us about our health and our environment?<br><br>In this book, two leading researchers take readers on a lively journey through the science of taste. Davide Risso and Gabriella Morini trace its evolution across millions of years, ranging from microbes to octopuses through birds and finally humans. They explain how taste receptors allow us to decode the chemical composition of food and distinguish between edible and toxic items. Evolution has given varied species different capabilities, so pandas lack the ability to taste umami and cats do not perceive sweetness. <i>On Taste</i> also reveals how mosquitoes choose their prey—and why they like some people more than others. Rigorous and accessible, this book shows how taste unlocks the connections between science and culture, letting us understand our foods and our world more richly.</div></div>
<p><b>* Featured Preorder books earn you an <i>extra </i>150 rewards points, good for $5 off a future purchase. If you're not already a member of our rewards program you can <a href=""https://www.kitchenartsandletters.com/pages/reward""><b>learn more about all the ways to earn points and sign up here.</b></a> It's as simple as creating a store account.</b></p>",UCOL,Media > Books > Print Books,BOOK,"Ln_En, 06-16-2026, C",FALSE,Title,Default,,,,,,,,"Davide Risso, Gabriella Morini, Elettra Pauletto (Translated by)",2268,shopify,continue,manual,22.00,,TRUE,TRUE,,,,,9780231221290,https://cdn.shopify.com/s/files/1/0297/5046/0549/files/9780231221290.jpg,1,Book Cover: On Taste,,On Taste,,Media > Books,,,,new,FALSE,,,,,,"Davide Risso, Gabriella Morini, Elettra Pauletto (Translated by)",Hardcover,on-taste,,English,,,,,2026-06-16,,,,,,,,,,,,,,,,,,,,,,,,,,,,,,,,lb,4901.99,,draft
paris-patisserie,Paris Patisserie:: 70 Recipes at the Heart of Parisian History,"<p><b>This is a *Featured Preorder for a title releasing on March 24, 2026.</b></p><p><em><strong>This is what the publisher tells us about this book:</strong></em></p>
<b><b>Bring a taste of the real Paris into your kitchen with traditional, time-tested pastry recipes straight from the heart of the city.</b></b><br><br>From elegant Saint-Germain-des-Prés to bohemian Montmartre, explore Paris through one of its most beloved culinary traditions: the pâtisserie. Inside this beautifully illustrated Paris pastry cookbook you’ll find over seventy iconic recipes that capture the flavor and atmosphere of these charming neighborhoods. Learn to bake croissants, éclairs, macarons, and tarts as well as classic recipes like Baba au rhum, Chantilly choux, Bûche de Noël, and much more. Easy-to-follow instructions are perfect for aspiring bakers, pastry connoisseurs, home bakers looking to master&nbsp;French pastries, and anyone who wants to bring Parisian cuisine and culture into their own kitchen.<br><br>Both a culinary journey and a homage to the city’s sweetest traditions, this beautifully photographed guide embodies the city’s <i>art de vivre</i> and is a must for anyone who loves Paris.</div></div>
<p><b>* Featured Preorder books earn you an <i>extra </i>150 rewards points, good for $5 off a future purchase. If you're not already a member of our rewards program you can <a href=""https://www.kitchenartsandletters.com/pages/reward""><b>learn more about all the ways to earn points and sign up here.</b></a> It's as simple as creating a store account.</b></p>",RIZ,Media > Books > Print Books,BOOK,"Ln_En, 03-24-2026, C",FALSE,Title,Default,,,,,,,,"Arnaud Delmontel, Guillaume Czerw (Photographs by)",2268,shopify,continue,manual,32.50,,TRUE,TRUE,,,,,9780789344335,https://cdn.shopify.com/s/files/1/0297/5046/0549/files/9780789344335.jpg,1,Book Cover: Paris Patisserie,,Paris Patisserie,,Media > Books,,,,new,FALSE,,,,,,"Arnaud Delmontel, Guillaume Czerw (Photographs by)",Hardcover,paris-patisserie,,English,,,,,2026-03-24,,,,,,,,,,,,,,,,,,,,,,,,,,,,,,,,lb,4901.99,,draft
paris-patisserie,,,,,,,,,,,,,,,,,,,,,,,,,,,,,,,https://cdn.shopify.com/s/files/1/0297/5046/0549/files/9780789344335-1.jpg,2,Interior image 1,,,,,,,,,,,,,,,,,,,,,,,,,,,,,,,,,,,,,,,,,,,,,,,,,,,,,,,,,,,
paris-patisserie,,,,,,,,,,,,,,,,,,,,,,,,,,,,,,,https://cdn.shopify.com/s/files/1/0297/5046/0549/files/9780789344335-2.jpg,3,Interior image 2,,,,,,,,,,,,,,,,,,,,,,,,,,,,,,,,,,,,,,,,,,,,,,,,,,,,,,,,,,,
paris-patisserie,,,,,,,,,,,,,,,,,,,,,,,,,,,,,,,https://cdn.shopify.com/s/files/1/0297/5046/0549/files/9780789344335-3.jpg,4,Interior image 3,,,,,,,,,,,,,,,,,,,,,,,,,,,,,,,,,,,,,,,,,,,,,,,,,,,,,,,,,,,
paris-patisserie,,,,,,,,,,,,,,,,,,,,,,,,,,,,,,,https://cdn.shopify.com/s/files/1/0297/5046/0549/files/9780789344335-4.jpg,5,Interior image 4,,,,,,,,,,,,,,,,,,,,,,,,,,,,,,,,,,,,,,,,,,,,,,,,,,,,,,,,,,,
paris-patisserie,,,,,,,,,,,,,,,,,,,,,,,,,,,,,,,https://cdn.shopify.com/s/files/1/0297/5046/0549/files/9780789344335-5.jpg,6,Interior image 5,,,,,,,,,,,,,,,,,,,,,,,,,,,,,,,,,,,,,,,,,,,,,,,,,,,,,,,,,,,
pierre-gagnaire,Pierre Gagnaire: A Banquet of Nature:: Cooking Art and Ideas,"<p><b>This is a *Featured Preorder for a title releasing on March 31, 2026.</b></p><p><em><strong>This is what the publisher tells us about this book:</strong></em></p>
<p><b>Culinary vignettes from the kitchen of Michelin-starred chef Pierre Gagnaire</b></p></div><div><p>Take a seat at the dinner table of Pierre Gagnaire, whose eponymous Paris restaurant has held three Michelin stars since 1996, and savor the conversations from poets, jazz musicians and writers on and around 15 of the chef's signature recipes. These quick condiments, seasonings and sides are perfect for elevating any meal: add Gagnaire's bouillon ""Zezette"" to gnocchi or mushroom ravioli, or pop his dried spiced orange slices into a warm cider. Maybe try your hand at his ""Ringo"" foie gras, best prepared while listening to ""Roll Over Beethoven"" (the chef's personal recommendation). Guest contributors include philosopher Emanuele Coccia, novelist Maylis de Kerangal, botanist Marc Jeanson, designer Marcin Rusak, musician Laurent de Wilde and botanist ??Emmanuelle Pouydebat. The book is illustrated throughout with sketches of fresh ingredients, floral arrangements and busy kitchens, all done by Miyuka Schipfer.</p></div></div>
<p><b>* Featured Preorder books earn you an <i>extra </i>150 rewards points, good for $5 off a future purchase. If you're not already a member of our rewards program you can <a href=""https://www.kitchenartsandletters.com/pages/reward""><b>learn more about all the ways to earn points and sign up here.</b></a> It's as simple as creating a store account.</b></p>",DAP,Media > Books > Print Books,BOOK,"Ln_En, 03-31-2026, C",FALSE,Title,Default,,,,,,,,"Pierre Gagnaire (Text by), Emanuele Coccia (Text by), Laurent de Wilde (Text by), Maylis de*Kerangal (Text by), Marc Jeanson (Text by)",2268,shopify,continue,manual,40.00,,TRUE,TRUE,,,,,9782365681254,https://cdn.shopify.com/s/files/1/0297/5046/0549/files/9782365681254.jpg,1,Book Cover: Pierre Gagnaire,,Pierre Gagnaire,,Media > Books,,,,new,FALSE,,,,,,"Pierre Gagnaire (Text by), Emanuele Coccia (Text by), Laurent de Wilde (Text by), Maylis de*Kerangal (Text by), Marc Jeanson (Text by)",Hardcover,pierre-gagnaire,,English,,,,,2026-03-31,,,,,,,,,,,,,,,,,,,,,,,,,,,,,,,,lb,4901.99,,draft
pierre-gagnaire,,,,,,,,,,,,,,,,,,,,,,,,,,,,,,,https://cdn.shopify.com/s/files/1/0297/5046/0549/files/9782365681254-1.jpg,2,Interior image 1,,,,,,,,,,,,,,,,,,,,,,,,,,,,,,,,,,,,,,,,,,,,,,,,,,,,,,,,,,,
pierre-gagnaire,,,,,,,,,,,,,,,,,,,,,,,,,,,,,,,https://cdn.shopify.com/s/files/1/0297/5046/0549/files/9782365681254-2.jpg,3,Interior image 2,,,,,,,,,,,,,,,,,,,,,,,,,,,,,,,,,,,,,,,,,,,,,,,,,,,,,,,,,,,
pierre-gagnaire,,,,,,,,,,,,,,,,,,,,,,,,,,,,,,,https://cdn.shopify.com/s/files/1/0297/5046/0549/files/9782365681254-3.jpg,4,Interior image 3,,,,,,,,,,,,,,,,,,,,,,,,,,,,,,,,,,,,,,,,,,,,,,,,,,,,,,,,,,,
pierre-gagnaire,,,,,,,,,,,,,,,,,,,,,,,,,,,,,,,https://cdn.shopify.com/s/files/1/0297/5046/0549/files/9782365681254-4.jpg,5,Interior image 4,,,,,,,,,,,,,,,,,,,,,,,,,,,,,,,,,,,,,,,,,,,,,,,,,,,,,,,,,,,
pierre-gagnaire,,,,,,,,,,,,,,,,,,,,,,,,,,,,,,,https://cdn.shopify.com/s/files/1/0297/5046/0549/files/9782365681254-5.jpg,6,Interior image 5,,,,,,,,,,,,,,,,,,,,,,,,,,,,,,,,,,,,,,,,,,,,,,,,,,,,,,,,,,,
pimento-cheese,Pimento Cheese:: The Southern Spread,"<p><b>This is a *Featured Preorder for a title releasing on March 01, 2026.</b></p><p><em><strong>This is what the publisher tells us about this book:</strong></em></p>

<p><b>* Featured Preorder books earn you an <i>extra </i>150 rewards points, good for $5 off a future purchase. If you're not already a member of our rewards program you can <a href=""https://www.kitchenartsandletters.com/pages/reward""><b>learn more about all the ways to earn points and sign up here.</b></a> It's as simple as creating a store account.</b></p>",UGA,Media > Books > Print Books,BOOK,"Ln_En, 03-01-2026, C",FALSE,Title,Default,,,,,,,,"Rebecca Lang, Kathryn McCrary (Photographs by), Carrie Morey (Contributions by), Jennifer Booker (Contributions by), Anne Byrn (Contributions by), Jessica Little (Contributions by)",2268,shopify,continue,manual,27.95,,TRUE,TRUE,,,,,9780820374673,https://cdn.shopify.com/s/files/1/0297/5046/0549/files/9780820374673.jpg,1,Book Cover: Pimento Cheese,,Pimento Cheese,,Media > Books,,,,new,FALSE,,,,,,"Rebecca Lang, Kathryn McCrary (Photographs by), Carrie Morey (Contributions by), Jennifer Booker (Contributions by), Anne Byrn (Contributions by), Jessica Little (Contributions by)",Hardcover,pimento-cheese,,English,,,,,2026-03-01,,,,,,,,,,,,,,,,,,,,,,,,,,,,,,,,lb,4901.99,,draft
pimento-cheese,,,,,,,,,,,,,,,,,,,,,,,,,,,,,,,https://cdn.shopify.com/s/files/1/0297/5046/0549/files/9780820374673-1.jpg,2,Interior image 1,,,,,,,,,,,,,,,,,,,,,,,,,,,,,,,,,,,,,,,,,,,,,,,,,,,,,,,,,,,
pimento-cheese,,,,,,,,,,,,,,,,,,,,,,,,,,,,,,,https://cdn.shopify.com/s/files/1/0297/5046/0549/files/9780820374673-2.jpg,3,Interior image 2,,,,,,,,,,,,,,,,,,,,,,,,,,,,,,,,,,,,,,,,,,,,,,,,,,,,,,,,,,,
pimento-cheese,,,,,,,,,,,,,,,,,,,,,,,,,,,,,,,https://cdn.shopify.com/s/files/1/0297/5046/0549/files/9780820374673-3.jpg,4,Interior image 3,,,,,,,,,,,,,,,,,,,,,,,,,,,,,,,,,,,,,,,,,,,,,,,,,,,,,,,,,,,
pimento-cheese,,,,,,,,,,,,,,,,,,,,,,,,,,,,,,,https://cdn.shopify.com/s/files/1/0297/5046/0549/files/9780820374673-4.jpg,5,Interior image 4,,,,,,,,,,,,,,,,,,,,,,,,,,,,,,,,,,,,,,,,,,,,,,,,,,,,,,,,,,,
pimento-cheese,,,,,,,,,,,,,,,,,,,,,,,,,,,,,,,https://cdn.shopify.com/s/files/1/0297/5046/0549/files/9780820374673-5.jpg,6,Interior image 5,,,,,,,,,,,,,,,,,,,,,,,,,,,,,,,,,,,,,,,,,,,,,,,,,,,,,,,,,,,
soomaaliya,"Soomaaliya:: Food, Memory, and Migration: A Cookbook","<p><b>This is a *Featured Preorder for a title releasing on March 24, 2026.</b></p><p><em><strong>This is what the publisher tells us about this book:</strong></em></p>
A living archive of Somali recipes and traditions, both at home and in the Somali diaspora, through 76 recipes with stories and interviews from the Somali culinary world.</div><div><p><b>75 recipes spanning cherished classics and modern interpretations, bringing the soul of Somali cooking to the world stage.</b></p><p>Known by many names, the cape of spices, the nation of poets, and the land of cinnamon, Somalia is nestled in the Horn of Africa and is blessed with fertile fields, rich in spices, and endowed with the longest coastline in mainland Africa. This location and natural abundance have made Somalia a corridor between east and west, and a central point in global trade and migration, dating back millennia.&nbsp; &nbsp;</p><p>In <i>Soomaaliya</i>, Ifrah F. Ahmed tells the story of her country through its history, its food, and its people. Somalia’s role in the spice trade yields xawaash, the most distinctive of Somali flavors, a heady blend of cumin, coriander, black pepper, cinnamon, cardamom, cloves, and turmeric that’s used in everything from marinades to stews. Cardamom also finds its ways into thin, fragrant crepes, sweet fried beignets called <i>bur</i>, and <i>bariis,</i> rice spiced with cardamom and cumin. This rice is paired <i>hilib ari,</i> tender goat meat stew that is a product of Somalia’s deep roots in herding and agrarianism. <i>Baasto,</i> or pasta, a relic of the long Italian colonial rule, is served with a range of simple tomato sauces to ragus. The bountiful waters supply fish freshly caught and fried. And for afternoon tea, a pot of spiced shaah, served with thick slices <i>doolsho,</i> an aromatic cardamom cake. These are a just a few of the over 70 recipes included that introduce the foundational flavors and tastes of the Somali palate.&nbsp;&nbsp;</p><p>Through profiles of food producers, writers, and chefs, Ahmed shines a light on the many Somalis, at home and abroad, working to both preserve and transform the cuisine. Expansive and generous, and fueled by a deep love, <i>Soomaaliya</i> is a celebration of the richness of Somali food, and the remarkable resilience of its people.&nbsp;</p></div></div>
<p><b>* Featured Preorder books earn you an <i>extra </i>150 rewards points, good for $5 off a future purchase. If you're not already a member of our rewards program you can <a href=""https://www.kitchenartsandletters.com/pages/reward""><b>learn more about all the ways to earn points and sign up here.</b></a> It's as simple as creating a store account.</b></p>",HGUS,Media > Books > Print Books,BOOK,"Ln_En, 03-24-2026, C",FALSE,Title,Default,,,,,,,,Ifrah F. Ahmed,2268,shopify,continue,manual,40.00,,TRUE,TRUE,,,,,9781958417836,https://cdn.shopify.com/s/files/1/0297/5046/0549/files/9781958417836.jpg,1,Book Cover: Soomaaliya,,Soomaaliya,,Media > Books,,,,new,FALSE,,,,,,Ifrah F. Ahmed,Hardcover,soomaaliya,,English,,,,,2026-03-24,,,,,,,,,,,,,,,,,,,,,,,,,,,,,,,,lb,4901.99,,draft
soomaaliya,,,,,,,,,,,,,,,,,,,,,,,,,,,,,,,https://cdn.shopify.com/s/files/1/0297/5046/0549/files/9781958417836-1.jpg,2,Interior image 1,,,,,,,,,,,,,,,,,,,,,,,,,,,,,,,,,,,,,,,,,,,,,,,,,,,,,,,,,,,
soomaaliya,,,,,,,,,,,,,,,,,,,,,,,,,,,,,,,https://cdn.shopify.com/s/files/1/0297/5046/0549/files/9781958417836-2.jpg,3,Interior image 2,,,,,,,,,,,,,,,,,,,,,,,,,,,,,,,,,,,,,,,,,,,,,,,,,,,,,,,,,,,
soomaaliya,,,,,,,,,,,,,,,,,,,,,,,,,,,,,,,https://cdn.shopify.com/s/files/1/0297/5046/0549/files/9781958417836-3.jpg,4,Interior image 3,,,,,,,,,,,,,,,,,,,,,,,,,,,,,,,,,,,,,,,,,,,,,,,,,,,,,,,,,,,
soomaaliya,,,,,,,,,,,,,,,,,,,,,,,,,,,,,,,https://cdn.shopify.com/s/files/1/0297/5046/0549/files/9781958417836-4.jpg,5,Interior image 4,,,,,,,,,,,,,,,,,,,,,,,,,,,,,,,,,,,,,,,,,,,,,,,,,,,,,,,,,,,
soomaaliya,,,,,,,,,,,,,,,,,,,,,,,,,,,,,,,https://cdn.shopify.com/s/files/1/0297/5046/0549/files/9781958417836-5.jpg,6,Interior image 5,,,,,,,,,,,,,,,,,,,,,,,,,,,,,,,,,,,,,,,,,,,,,,,,,,,,,,,,,,,
spinasse,Spinasse:: An American Love Letter to Piemonte Cuisine,"<p><b>This is a *Featured Preorder for a title releasing on July 21, 2026.</b></p><p><em><strong>This is what the publisher tells us about this book:</strong></em></p>
<b>Authentic Piemonte Recipes for the Modern Home Cook—From the Kitchen of Seattle’s Celebrated Restaurant Spinasse</b><br><br>Bring the flavors of Northern Italy into your kitchen with the <i>Cascina Spinasse</i> cookbook, which celebrates Piemonte’s rich culinary traditions through the vision of Seattle’s acclaimed and beloved Piemonte restaurant, Spinasse. This beautifully curated collection explores the heart of Italian cooking through over 75 authentic, seasonally driven recipes. From their famous handmade tajarin pasta to the elegance of delicate semifreddo, each dish reflects the soulful cuisine of the region, blending time-honored techniques with modern refinement.<br><br>Organized into six inviting chapters—Bevande (cocktails), Antipasti, Primi (pastas and risottos), Secondi (meat, seafood, and vegetables), Contorni (sides), and Dolci (desserts)—the book offers step-by-step instructions, expert tips, and evocative stories behind the dishes. Whether you're crafting agnolotti from scratch or pairing local wines with your meal, this cookbook captures the warmth, hospitality, and craftsmanship that define Piemonte’s food culture. It's a must-have for home cooks, Italian food lovers, and anyone seeking to elevate their culinary skills with regional Italian fare.<br><br>Written by Executive Chef Stuart Lane, who trained at the Italian Culinary Institute for Foreigners in Costigliole d’Asti and now leads Spinasse and Artusi in Seattle, this cookbook bridges Italian tradition with Pacific Northwest passion. Chef Lane’s deep respect for Piemonte’s foodways and his expertise in handmade pasta shine through every page. The <i>Cascina Spinasse</i> cookbook is more than a recipe collection—it’s an invitation to cook with intention, savor every season, and experience the enduring beauty of Italian cuisine.</div></div>
<p><b>* Featured Preorder books earn you an <i>extra </i>150 rewards points, good for $5 off a future purchase. If you're not already a member of our rewards program you can <a href=""https://www.kitchenartsandletters.com/pages/reward""><b>learn more about all the ways to earn points and sign up here.</b></a> It's as simple as creating a store account.</b></p>",SKY,Media > Books > Print Books,BOOK,"Ln_En, 07-21-2026, C",FALSE,Title,Default,,,,,,,,"Stuart Lane, James O. Fraioli, Charity Burggraaf (By (photographer))",2268,shopify,continue,manual,35.00,,TRUE,TRUE,,,,,9781510786066,https://cdn.shopify.com/s/files/1/0297/5046/0549/files/9781510786066.jpg,1,Book Cover: Spinasse,,Spinasse,,Media > Books,,,,new,FALSE,,,,,,"Stuart Lane, James O. Fraioli, Charity Burggraaf (By (photographer))",Hardcover,spinasse,,English,,,,,2026-07-21,,,,,,,,,,,,,,,,,,,,,,,,,,,,,,,,lb,4901.99,,draft
spinasse,,,,,,,,,,,,,,,,,,,,,,,,,,,,,,,https://cdn.shopify.com/s/files/1/0297/5046/0549/files/9781510786066-1.jpg,2,Interior image 1,,,,,,,,,,,,,,,,,,,,,,,,,,,,,,,,,,,,,,,,,,,,,,,,,,,,,,,,,,,
spinasse,,,,,,,,,,,,,,,,,,,,,,,,,,,,,,,https://cdn.shopify.com/s/files/1/0297/5046/0549/files/9781510786066-2.jpg,3,Interior image 2,,,,,,,,,,,,,,,,,,,,,,,,,,,,,,,,,,,,,,,,,,,,,,,,,,,,,,,,,,,
spinasse,,,,,,,,,,,,,,,,,,,,,,,,,,,,,,,https://cdn.shopify.com/s/files/1/0297/5046/0549/files/9781510786066-3.jpg,4,Interior image 3,,,,,,,,,,,,,,,,,,,,,,,,,,,,,,,,,,,,,,,,,,,,,,,,,,,,,,,,,,,
spinasse,,,,,,,,,,,,,,,,,,,,,,,,,,,,,,,https://cdn.shopify.com/s/files/1/0297/5046/0549/files/9781510786066-4.jpg,5,Interior image 4,,,,,,,,,,,,,,,,,,,,,,,,,,,,,,,,,,,,,,,,,,,,,,,,,,,,,,,,,,,
spinasse,,,,,,,,,,,,,,,,,,,,,,,,,,,,,,,https://cdn.shopify.com/s/files/1/0297/5046/0549/files/9781510786066-5.jpg,6,Interior image 5,,,,,,,,,,,,,,,,,,,,,,,,,,,,,,,,,,,,,,,,,,,,,,,,,,,,,,,,,,,
the-art-of-frozen-desserts,"The Art of Frozen Desserts:: Ice Cream, Sorbets, Cakes, Macarons, Popsicles, & More","<p><b>This is a *Featured Preorder for a title releasing on June 02, 2026.</b></p><p><em><strong>This is what the publisher tells us about this book:</strong></em></p>
<b>“Shines a spotlight on ice cream as a central part of indulgence…and encourages everyone to embrace the art of frozen desserts.” —Ane Sophie Pic</b><br> <br><b>“With a touch of extravagance, Emmanuel Ryon elevates ice cream to an art form.” —Pierre Hermé</b><br> <br><b>60+ artisanal recipes for making and enjoying gourmet frozen desserts by Emmanuel Ryon, winner of the Meilleur Ouvrier de France title for ice cream and pastry.</b><br><br>The story of ice cream, now one of the most widely consumed foods in the world, unfolds over the course of centuries. Once a product made only in winter, ice cream is now a must-have in summer. From Italian gelato and American sundaes to French-style ice cream and fruit sorbets, frozen desserts are a universal pleasure.<br> <br> Renowned pastry chef Emmanuel Ryon invites you to enter a universe of boundless creativity that takes the art of ice cream to new heights. Creative, indulgent, and original, The Art of Frozen Desserts blends classic desserts with a modern, reimagined approach to French pastry. Among the 60 elegant recipes for artisanal frozen desserts, you’ll find:<br> <ul> <li dir=""ltr"" aria-level=""1"">Classic and unique ice creams and sorbets (asparagus and tonka bean, popcorn vanilla, apricot verbena…)</li> <li dir=""ltr"" aria-level=""1"">Travel cakes (hazelnut financier, maple syrup brownie, green tea marble cake…)</li> <li dir=""ltr"" aria-level=""1"">Chilled desserts (Baked Alaska, chocolate semifreddo, hazelnut churros, yuzu crepe suzette glacé…)</li> <li dir=""ltr"" aria-level=""1"">Popsicles, granitas, and yogurts (Campari cocktail popsicle, sheep's milk yogurt with red berry coulis…)</li> <li dir=""ltr"" aria-level=""1"">Frozen fruits (tomato with tomato basil, pineapple with caramelized bananas…)</li> <li dir=""ltr"" aria-level=""1"">And even drinks (coconut matcha milkshake, Viennese hot chocolate…)</li> </ul> <br>Are you ready to thrill your taste buds?</div></div>
<p><b>* Featured Preorder books earn you an <i>extra </i>150 rewards points, good for $5 off a future purchase. If you're not already a member of our rewards program you can <a href=""https://www.kitchenartsandletters.com/pages/reward""><b>learn more about all the ways to earn points and sign up here.</b></a> It's as simple as creating a store account.</b></p>",SSN,Media > Books > Print Books,BOOK,"Ln_En, 06-02-2026, C",FALSE,Title,Default,,,,,,,,Emmanuel Ryon,2268,shopify,continue,manual,45.00,,TRUE,TRUE,,,,,9781962098380,https://cdn.shopify.com/s/files/1/0297/5046/0549/files/9781962098380.jpg,1,Book Cover: The Art of Frozen Desserts,,The Art of Frozen Desserts,,Media > Books,,,,new,FALSE,,,,,,Emmanuel Ryon,Hardcover,the-art-of-frozen-desserts,,English,,,,,2026-06-02,,,,,,,,,,,,,,,,,,,,,,,,,,,,,,,,lb,4901.99,,draft
the-art-of-frozen-desserts,,,,,,,,,,,,,,,,,,,,,,,,,,,,,,,https://cdn.shopify.com/s/files/1/0297/5046/0549/files/9781962098380-1.jpg,2,Interior image 1,,,,,,,,,,,,,,,,,,,,,,,,,,,,,,,,,,,,,,,,,,,,,,,,,,,,,,,,,,,
the-art-of-frozen-desserts,,,,,,,,,,,,,,,,,,,,,,,,,,,,,,,https://cdn.shopify.com/s/files/1/0297/5046/0549/files/9781962098380-2.jpg,3,Interior image 2,,,,,,,,,,,,,,,,,,,,,,,,,,,,,,,,,,,,,,,,,,,,,,,,,,,,,,,,,,,
the-art-of-frozen-desserts,,,,,,,,,,,,,,,,,,,,,,,,,,,,,,,https://cdn.shopify.com/s/files/1/0297/5046/0549/files/9781962098380-3.jpg,4,Interior image 3,,,,,,,,,,,,,,,,,,,,,,,,,,,,,,,,,,,,,,,,,,,,,,,,,,,,,,,,,,,
the-art-of-frozen-desserts,,,,,,,,,,,,,,,,,,,,,,,,,,,,,,,https://cdn.shopify.com/s/files/1/0297/5046/0549/files/9781962098380-4.jpg,5,Interior image 4,,,,,,,,,,,,,,,,,,,,,,,,,,,,,,,,,,,,,,,,,,,,,,,,,,,,,,,,,,,
the-art-of-frozen-desserts,,,,,,,,,,,,,,,,,,,,,,,,,,,,,,,https://cdn.shopify.com/s/files/1/0297/5046/0549/files/9781962098380-5.jpg,6,Interior image 5,,,,,,,,,,,,,,,,,,,,,,,,,,,,,,,,,,,,,,,,,,,,,,,,,,,,,,,,,,,
the-caribbean-cookbook,The Caribbean Cookbook,"<p><b>This is a *Featured Preorder for a title releasing on April 15, 2026.</b></p><p><em><strong>This is what the publisher tells us about this book:</strong></em></p>
An exploration of Caribbean cuisine and culinary history, featuring more than 380 authentic home cooking recipes from across the region</div><div><p><strong>An exploration of Caribbean cuisine and culinary history, featuring more than 380 authentic home cooking recipes from across the region</strong></p> <p>Caribbean cuisine reveals a culture of boundless imagination and creativity. It is the result of resourcefulness and ingenuity, where the need to survive and thrive shaped dishes that stand as powerful representations of its various cultures.</p> <p>In <em>The Caribbean Cookbook</em>, chef Rawlston Williams celebrates the diverse foods, flavors, and culinary traditions of this vibrant region. Featuring more than 380 recipes from 28 countries and island nations, the book includes classic marinades, sauces, and preserves; broths and soups; rices, grains, and vegetables; and chapters dedicated to Sea &amp; River, On Land, Flour, Sugar, Juice, and Rum. The iconic ingredients synonymous with the Caribbean – citrus, nutmeg, coconut, tamarind, pimento, pineapple, rum – are showcased throughout, with spices as the stars, elevating other ingredients to create layered and satisfying dishes.</p> <p>This intensively researched recipe collection includes both beloved classics and lesser-known specialties. Home cooks around the world will discover Jamaica’s Jerk Chicken and Dominica’s Callaloo Soup; Puerto Rico’s plantain-based Mofongo; Green Fig Salad from Saint Lucia; Haiti’s Seafood Creole; a sweet Cashew Cake from Aruba; and other authentic dishes. There’s plenty for armchair travelers to enjoy, too: Rawlston’s descriptions of the islands’ histories, culture, and traditions bring each recipe to life, while stunning color photography of the food and landscapes offers a whirlwind journey across one of the world’s most beautiful destinations.</p> <p>Beautifully designed in bold tropical shades, <em>The Caribbean Cookbook </em>is a powerful, joyful ode to the many flavors of this incredible region.</p></div></div>
<p><b>* Featured Preorder books earn you an <i>extra </i>150 rewards points, good for $5 off a future purchase. If you're not already a member of our rewards program you can <a href=""https://www.kitchenartsandletters.com/pages/reward""><b>learn more about all the ways to earn points and sign up here.</b></a> It's as simple as creating a store account.</b></p>",PHAI,Media > Books > Print Books,BOOK,"Ln_En, 04-15-2026, C",FALSE,Title,Default,,,,,,,,"Rawlston Williams, Nico Schinco (By (photographer))",2268,shopify,continue,manual,54.95,,TRUE,TRUE,,,,,9781837291724,https://cdn.shopify.com/s/files/1/0297/5046/0549/files/9781837291724.jpg,1,Book Cover: The Caribbean Cookbook,,The Caribbean Cookbook,,Media > Books,,,,new,FALSE,,,,,,"Rawlston Williams, Nico Schinco (By (photographer))",Hardcover,the-caribbean-cookbook,,English,,,,,2026-04-15,,,,,,,,,,,,,,,,,,,,,,,,,,,,,,,,lb,4901.99,,draft
the-caribbean-cookbook,,,,,,,,,,,,,,,,,,,,,,,,,,,,,,,https://cdn.shopify.com/s/files/1/0297/5046/0549/files/9781837291724-1.jpg,2,Interior image 1,,,,,,,,,,,,,,,,,,,,,,,,,,,,,,,,,,,,,,,,,,,,,,,,,,,,,,,,,,,
the-caribbean-cookbook,,,,,,,,,,,,,,,,,,,,,,,,,,,,,,,https://cdn.shopify.com/s/files/1/0297/5046/0549/files/9781837291724-2.jpg,3,Interior image 2,,,,,,,,,,,,,,,,,,,,,,,,,,,,,,,,,,,,,,,,,,,,,,,,,,,,,,,,,,,
the-caribbean-cookbook,,,,,,,,,,,,,,,,,,,,,,,,,,,,,,,https://cdn.shopify.com/s/files/1/0297/5046/0549/files/9781837291724-3.jpg,4,Interior image 3,,,,,,,,,,,,,,,,,,,,,,,,,,,,,,,,,,,,,,,,,,,,,,,,,,,,,,,,,,,
the-caribbean-cookbook,,,,,,,,,,,,,,,,,,,,,,,,,,,,,,,https://cdn.shopify.com/s/files/1/0297/5046/0549/files/9781837291724-4.jpg,5,Interior image 4,,,,,,,,,,,,,,,,,,,,,,,,,,,,,,,,,,,,,,,,,,,,,,,,,,,,,,,,,,,
the-caribbean-cookbook,,,,,,,,,,,,,,,,,,,,,,,,,,,,,,,https://cdn.shopify.com/s/files/1/0297/5046/0549/files/9781837291724-5.jpg,6,Interior image 5,,,,,,,,,,,,,,,,,,,,,,,,,,,,,,,,,,,,,,,,,,,,,,,,,,,,,,,,,,,
the-country-house-dining-room,The Country House Dining Room:: A History of Georgian Feasting,"<p><b>This is a *Featured Preorder for a title releasing on May 26, 2026.</b></p><p><em><strong>This is what the publisher tells us about this book:</strong></em></p>
<p>The country house dining room was an elaborate theatre for Georgian elites to entertain their guests and, more importantly, show-off their wealth, power and social status. Every detail was carefully orchestrated, usually by the lady of the house, from the decor and tableware to the food and drink served.<br>&nbsp;</p><p>Decorated with fine art, antique sculptures, and lavish furnishings, the dining room was governed by strict dining etiquette and social rituals. It was expected for guests to eat and drink to excess, so it is perhaps unsurprising that in the Georgian era we see the development of supposed miracle cures for obesity, alcoholism and related illnesses.<br>&nbsp;</p><p>Drawing on previously unpublished contemporary accounts of feasts at Holkham Hall, Hardwick Hall and Blenheim Palace, among others, Amy Boyington brings the Georgian dining experience to life and charts how the dining room encapsulated the intricate cultural and political dynamics of the 18th century.</p></div></div>
<p><b>* Featured Preorder books earn you an <i>extra </i>150 rewards points, good for $5 off a future purchase. If you're not already a member of our rewards program you can <a href=""https://www.kitchenartsandletters.com/pages/reward""><b>learn more about all the ways to earn points and sign up here.</b></a> It's as simple as creating a store account.</b></p>",UYAL,Media > Books > Print Books,BOOK,"Ln_En, 05-26-2026, C",FALSE,Title,Default,,,,,,,,Amy Boyington,2268,shopify,continue,manual,40.00,,TRUE,TRUE,,,,,9780300276923,https://cdn.shopify.com/s/files/1/0297/5046/0549/files/9780300276923.jpg,1,Book Cover: The Country House Dining Room,,The Country House Dining Room,,Media > Books,,,,new,FALSE,,,,,,Amy Boyington,Hardcover,the-country-house-dining-room,,English,,,,,2026-05-26,,,,,,,,,,,,,,,,,,,,,,,,,,,,,,,,lb,4901.99,,draft
the-diaspora-spice-co-cookbook,The Diaspora Spice Co. Cookbook:: Seasonal Home Cooking from South Asia's Best Spice Farms,"<p><b>This is a *Featured Preorder for a title releasing on March 03, 2026.</b></p><p><em><strong>This is what the publisher tells us about this book:</strong></em></p>
<p><strong>From Diaspora Spice Co., the progressive spice company rooted in flavor and equity, comes a cookbook celebrating beautiful, simple, and seasonal cooking with 85 recipes adapted from India and Sri Lanka’s best family spice farms.</strong></p><p>Diaspora Spice Co. sources the most flavorful, fresh spices in the world from 150 regenerative farms across South Asia—from elders, indigenous communities, young changemakers, and brilliant multi-generational farming families across India and Sri Lanka who are leading the way in sustainable and climate change–resistant agriculture. Filled with culinary storytelling,&nbsp;<em>The Diaspora Spice Co. Cookbook&nbsp;</em>highlights these farmers and their spices with profiles and evocative photography, plus 85 recipes for simple, seasonal, and powerfully delicious meals.</p><p>CEO and founder Sana Javeri Kadri and recipe writer Asha Loupy realized that eating with the people who grow our spices unveils a whole new dimension in our cooking. For instance, the Mir family, who works all year to grow and harvest their saffron, shared not only their technique for blooming the vibrant spice and how to make sure every thread is fully utilized, but their unforgettably delicious dishes. Adapted for a global pantry, these recipes share the warmth of true South Asian home cooking at its truest and tastiest, starting with chutneys &amp; pickles, snacks, and veggies, traveling through to mains from the sea and from the land, rice and breads, and ending with drinks and desserts.</p><p>Sana and Asha also note which recipes are the most beginner friendly, freezer friendly, good for a dinner party menu (like a Diwali feast!), and which lend themselves to be pantry building blocks, all for a super easy-to-navigate cookbook.</p><ul><li>Burst Tomato Chutney</li><li>Perfect Pakora</li><li>Spiced Maple-Roasted Carrots with Carrot-Top Sambol</li><li>Aloo Masala</li><li>Jammy Egg Curry</li><li>Coconut Lamb Biryani</li><li>Fennel Tom Collins</li><li>Turmeric-Banana Snacking Cake</li><li>Apricot-Saffron Frangipane Galette</li></ul><p>This incredibly fresh, beautifully photographed, powerful collection is a celebration of these farming families, their precious harvests, and how they season recipes with big flavor.</p></div></div>
<p><b>* Featured Preorder books earn you an <i>extra </i>150 rewards points, good for $5 off a future purchase. If you're not already a member of our rewards program you can <a href=""https://www.kitchenartsandletters.com/pages/reward""><b>learn more about all the ways to earn points and sign up here.</b></a> It's as simple as creating a store account.</b></p>",HAR,Media > Books > Print Books,BOOK,"Ln_En, 03-03-2026, C",FALSE,Title,Default,,,,,,,,"Sana Javeri Kadri, Asha Loupy",2268,shopify,continue,manual,35.00,,TRUE,TRUE,,,,,9780063277823,https://cdn.shopify.com/s/files/1/0297/5046/0549/files/9780063277823.jpg,1,Book Cover: The Diaspora Spice Co. Cookbook,,The Diaspora Spice Co. Cookbook,,Media > Books,,,,new,FALSE,,,,,,"Sana Javeri Kadri, Asha Loupy",Hardcover,the-diaspora-spice-co-cookbook,,English,,,,,2026-03-03,,,,,,,,,,,,,,,,,,,,,,,,,,,,,,,,lb,4901.99,,draft
the-diaspora-spice-co-cookbook,,,,,,,,,,,,,,,,,,,,,,,,,,,,,,,https://cdn.shopify.com/s/files/1/0297/5046/0549/files/9780063277823-1.jpg,2,Interior image 1,,,,,,,,,,,,,,,,,,,,,,,,,,,,,,,,,,,,,,,,,,,,,,,,,,,,,,,,,,,
the-diaspora-spice-co-cookbook,,,,,,,,,,,,,,,,,,,,,,,,,,,,,,,https://cdn.shopify.com/s/files/1/0297/5046/0549/files/9780063277823-2.jpg,3,Interior image 2,,,,,,,,,,,,,,,,,,,,,,,,,,,,,,,,,,,,,,,,,,,,,,,,,,,,,,,,,,,
the-diaspora-spice-co-cookbook,,,,,,,,,,,,,,,,,,,,,,,,,,,,,,,https://cdn.shopify.com/s/files/1/0297/5046/0549/files/9780063277823-3.jpg,4,Interior image 3,,,,,,,,,,,,,,,,,,,,,,,,,,,,,,,,,,,,,,,,,,,,,,,,,,,,,,,,,,,
the-diaspora-spice-co-cookbook,,,,,,,,,,,,,,,,,,,,,,,,,,,,,,,https://cdn.shopify.com/s/files/1/0297/5046/0549/files/9780063277823-4.jpg,5,Interior image 4,,,,,,,,,,,,,,,,,,,,,,,,,,,,,,,,,,,,,,,,,,,,,,,,,,,,,,,,,,,
the-diaspora-spice-co-cookbook,,,,,,,,,,,,,,,,,,,,,,,,,,,,,,,https://cdn.shopify.com/s/files/1/0297/5046/0549/files/9780063277823-5.jpg,6,Interior image 5,,,,,,,,,,,,,,,,,,,,,,,,,,,,,,,,,,,,,,,,,,,,,,,,,,,,,,,,,,,
the-dining-room,The Dining Room:: Exploring the Design of Twelve Iconic Rooms in Search of the Perfect Dining Experience,"<p><b>This is a *Featured Preorder for a title releasing on March 17, 2026.</b></p><p><em><strong>This is what the publisher tells us about this book:</strong></em></p>
<b><b>Explore the stories behind twelve iconic dining rooms in homes around the world—from a Japanese samurai house to Jackie Kennedy’s White House—and travel through time in pursuit of the ultimate design.</b></b><br><br>Dive into history's most captivating dining rooms as bestselling author and architectural writer John Ota takes a fascinating journey across the globe, investigating the architecture, interior design, and dining experience of twelve remarkable spaces. John’s charming observations of the surprising impact of dining rooms on our lives and the cherished moments we share within them will delight armchair travelers, history fanatics, and interior design enthusiasts alike.<br><ul><li><b>Firsthand accounts of iconic spaces: </b>Tour Claude Monet’s garden-view dining roomin Giverny, France; visit Highclere Castle (the real Downton Abbey) in England; take part in a present-day farm-to-table feast in a Canadian forest; and enter Martin Luther King Jr.’s inspiring Atlanta, Georgia childhood home.</li><li><b>A spectrum of cultures and time periods: </b>Travel from George Washington’s 1790 cabinet dinner to the historic Nomura Samurai House in Japan, and from Frida Kahlo’s vibrant Casa Azul in Mexico City to the countryside manse of legendary Anne of Green Gables author Lucy Maud Montgomery.</li><li><b>Brilliant (and useful!) design tips:</b> Get inspired by Frank Sinatra’s mid-century modern Palm Springs patio for outdoor entertaining, the contemporary open concept of a modern-day architect’s home, Jackie Kennedy’s trendsetting take on the White House’s State Dining Room, and Edith Wharton’s subtle Gilded Age anomaly.</li></ul>Each chapter features one unique dining room and bursts with expert architectural and interior descriptions along with John’s illustrations of the rooms and insight into the food served within—you can even recreate one era-accurate recipe for each location. Heartwarming and informative, <i>The Dining Room</i> is more than just a fun read—it’s an enlightening and joyous celebration of history, culture, and the art of dining.<br><br><b>Story Locale:</b>Toronto, Ontario  Leaskdale, Ontario  Singhampton, Ontario  New York City, New York  Lenox, Massachusetts  Atlanta, Georgia  Palm Springs, California  Washington, D.C.  Mexico City, Mexico  Kanazawa, Japan  Giverny, France  Hampshire, England</div></div>
<p><b>* Featured Preorder books earn you an <i>extra </i>150 rewards points, good for $5 off a future purchase. If you're not already a member of our rewards program you can <a href=""https://www.kitchenartsandletters.com/pages/reward""><b>learn more about all the ways to earn points and sign up here.</b></a> It's as simple as creating a store account.</b></p>",RDH,Media > Books > Print Books,BOOK,"Ln_En, 03-17-2026, C",FALSE,Title,Default,,,,,,,,John Ota,2268,shopify,continue,manual,28.00,,TRUE,TRUE,,,,,9780525613428,https://cdn.shopify.com/s/files/1/0297/5046/0549/files/9780525613428.jpg,1,Book Cover: The Dining Room,,The Dining Room,,Media > Books,,,,new,FALSE,,,,,,John Ota,Hardcover,the-dining-room,,English,,,,,2026-03-17,,,,,,,,,,,,,,,,,,,,,,,,,,,,,,,,lb,4901.99,,draft
the-dining-room,,,,,,,,,,,,,,,,,,,,,,,,,,,,,,,https://cdn.shopify.com/s/files/1/0297/5046/0549/files/9780525613428-1.jpg,2,Interior image 1,,,,,,,,,,,,,,,,,,,,,,,,,,,,,,,,,,,,,,,,,,,,,,,,,,,,,,,,,,,
the-dining-room,,,,,,,,,,,,,,,,,,,,,,,,,,,,,,,https://cdn.shopify.com/s/files/1/0297/5046/0549/files/9780525613428-2.jpg,3,Interior image 2,,,,,,,,,,,,,,,,,,,,,,,,,,,,,,,,,,,,,,,,,,,,,,,,,,,,,,,,,,,
the-dining-room,,,,,,,,,,,,,,,,,,,,,,,,,,,,,,,https://cdn.shopify.com/s/files/1/0297/5046/0549/files/9780525613428-3.jpg,4,Interior image 3,,,,,,,,,,,,,,,,,,,,,,,,,,,,,,,,,,,,,,,,,,,,,,,,,,,,,,,,,,,
the-dining-room,,,,,,,,,,,,,,,,,,,,,,,,,,,,,,,https://cdn.shopify.com/s/files/1/0297/5046/0549/files/9780525613428-4.jpg,5,Interior image 4,,,,,,,,,,,,,,,,,,,,,,,,,,,,,,,,,,,,,,,,,,,,,,,,,,,,,,,,,,,
the-dining-room,,,,,,,,,,,,,,,,,,,,,,,,,,,,,,,https://cdn.shopify.com/s/files/1/0297/5046/0549/files/9780525613428-5.jpg,6,Interior image 5,,,,,,,,,,,,,,,,,,,,,,,,,,,,,,,,,,,,,,,,,,,,,,,,,,,,,,,,,,,
the-great-book-of-chocolate-revised,"The Great Book of Chocolate, Revised:: The Chocolate Lover's Guide with More Than 50 Recipes","<p><b>This is a *Featured Preorder for a title releasing on May 05, 2026.</b></p><p><em><strong>This is what the publisher tells us about this book:</strong></em></p>
<b><b>A completely revised edition of David Lebovitz's comprehensive guide to everything chocolate, featuring more than fifty rich and decadent recipes—including fifteen that are brand new—for chocolatey cookies, brownies, cakes, truffles, ice cream, and more.</b></b><br><br>Pastry chef and professional baker David Lebovitz is a master of perfectly pitched desserts and irreverent humor—a combination that has won him and his books hundreds of thousands of fans.<br><br>In this fully updated edition of <i>The Great Book of Chocolate</i>, Lebovitz discusses the history of chocolate, bean-to-bar producers, chocolate shops in Paris (and his time working in a Belgian chocolate shop!), while also sharing invaluable tips for baking with, sourcing, storing, and using everybody's favorite ingredient. Fifteen new recipes join Lebovitz's classics, for a total of more than fifty recipes, including <b>Melting Chocolate Cakes</b>, <b>Chocolate Cherry Buttermilk Scones</b>, <b>Chocolate Espresso Cookies</b>, <b>Chocolate Chip Pecan Pie</b>, <b>Vegan Chocolate Marshmallows</b>, and even&nbsp;a <b>Chocolate Negroni</b>.<br><br>Featuring all new photography from Paris and San Francisco, <i>The Great Book of Chocolate</i>, <i>Revised,</i> is a sweet treat for home bakers and chocolate lovers alike.</div></div>
<p><b>* Featured Preorder books earn you an <i>extra </i>150 rewards points, good for $5 off a future purchase. If you're not already a member of our rewards program you can <a href=""https://www.kitchenartsandletters.com/pages/reward""><b>learn more about all the ways to earn points and sign up here.</b></a> It's as simple as creating a store account.</b></p>",RDH,Media > Books > Print Books,BOOK,"Ln_En, 05-05-2026, C",FALSE,Title,Default,,,,,,,,David Lebovitz,2268,shopify,continue,manual,24.99,,TRUE,TRUE,,,,,9780593836958,https://cdn.shopify.com/s/files/1/0297/5046/0549/files/9780593836958.jpg,1,"Book Cover: The Great Book of Chocolate, Revised",,"The Great Book of Chocolate, Revised",,Media > Books,,,,new,FALSE,,,,,,David Lebovitz,Hardcover,the-great-book-of-chocolate-revised,,English,,,,,2026-05-05,,,,,,,,,,,,,,,,,,,,,,,,,,,,,,,,lb,4901.99,,draft
the-great-book-of-chocolate-revised,,,,,,,,,,,,,,,,,,,,,,,,,,,,,,,https://cdn.shopify.com/s/files/1/0297/5046/0549/files/9780593836958-1.jpg,2,Interior image 1,,,,,,,,,,,,,,,,,,,,,,,,,,,,,,,,,,,,,,,,,,,,,,,,,,,,,,,,,,,
the-great-book-of-chocolate-revised,,,,,,,,,,,,,,,,,,,,,,,,,,,,,,,https://cdn.shopify.com/s/files/1/0297/5046/0549/files/9780593836958-2.jpg,3,Interior image 2,,,,,,,,,,,,,,,,,,,,,,,,,,,,,,,,,,,,,,,,,,,,,,,,,,,,,,,,,,,
the-great-book-of-chocolate-revised,,,,,,,,,,,,,,,,,,,,,,,,,,,,,,,https://cdn.shopify.com/s/files/1/0297/5046/0549/files/9780593836958-3.jpg,4,Interior image 3,,,,,,,,,,,,,,,,,,,,,,,,,,,,,,,,,,,,,,,,,,,,,,,,,,,,,,,,,,,
the-great-book-of-chocolate-revised,,,,,,,,,,,,,,,,,,,,,,,,,,,,,,,https://cdn.shopify.com/s/files/1/0297/5046/0549/files/9780593836958-4.jpg,5,Interior image 4,,,,,,,,,,,,,,,,,,,,,,,,,,,,,,,,,,,,,,,,,,,,,,,,,,,,,,,,,,,
the-great-book-of-chocolate-revised,,,,,,,,,,,,,,,,,,,,,,,,,,,,,,,https://cdn.shopify.com/s/files/1/0297/5046/0549/files/9780593836958-5.jpg,6,Interior image 5,,,,,,,,,,,,,,,,,,,,,,,,,,,,,,,,,,,,,,,,,,,,,,,,,,,,,,,,,,,
the-lao-kitchen,The Lao Kitchen:: Lao Flavors and Stories Told Through Family Recipes,"<p><b>This is a *Featured Preorder for a title releasing on April 21, 2026.</b></p><p><em><strong>This is what the publisher tells us about this book:</strong></em></p>
<b><b>Explore Lao food through 95 approachable, flavor-packed recipes from the popular food content creator behind Saeng's Kitchen.<br><br>“Saeng Douangdara brings Laos to the table with recipes that are bold, soulful, and alive with memory. This book belongs on every shelf where flavor, family, and food history matter.”—Andrew Zimmern</b></b><br><br>In Lao kitchens, every dish tells a story and every bite excites. The food culture of Laos has historically been preserved through oral tradition, and in this essential guide to Lao cooking, personal chef Saeng Douangdara draws on his expertise and the food knowledge passed down from his family to share the beauty and history of Lao cuisine. Discover the rich flavors of Laos through 95 recipes for dips, small plates, rice dishes, fermented foods and salads, laab, noodles, soups and stews, not-too-sweet desserts, and modern twists on traditional recipes, including:<br><br><ul><li><b>Thum Khao Poon</b> (Cold Vermicelli Noodle Salad)</li><li><b>Som Moo</b> (Fermented Pork Sausage)</li><li><b>Galabao</b> (Pork Steamed Buns)</li><li><b>Khanom Mantone</b> (Steamed Cassava Cake)</li><li><b>and more!</b> </li></ul><br><i>The Lao Kitchen</i> dives into the heart of Lao foodways—often overlooked but deeply rooted in Southeast Asian traditions. Through thoughtful essays and memories connected to each recipe, Saeng tells his story as a member of the Lao diaspora, exploring his roots through food. Bold, flavorful, deeply personal,&nbsp;and featuring gorgeous photography from Laos and Saeng’s own kitchen, <i>The Lao Kitchen</i> is a celebration of community, the connection that food brings, and&nbsp;what it means to cook from the heart.</div></div>
<p><b>* Featured Preorder books earn you an <i>extra </i>150 rewards points, good for $5 off a future purchase. If you're not already a member of our rewards program you can <a href=""https://www.kitchenartsandletters.com/pages/reward""><b>learn more about all the ways to earn points and sign up here.</b></a> It's as simple as creating a store account.</b></p>",RDH,Media > Books > Print Books,BOOK,"Ln_En, 04-21-2026, C",FALSE,Title,Default,,,,,,,,Saeng Douangdara,2268,shopify,continue,manual,32.99,,TRUE,TRUE,,,,,9780593836170,https://cdn.shopify.com/s/files/1/0297/5046/0549/files/9780593836170.jpg,1,Book Cover: The Lao Kitchen,,The Lao Kitchen,,Media > Books,,,,new,FALSE,,,,,,Saeng Douangdara,Hardcover,the-lao-kitchen,,English,,,,,2026-04-21,,,,,,,,,,,,,,,,,,,,,,,,,,,,,,,,lb,4901.99,,draft
the-lao-kitchen,,,,,,,,,,,,,,,,,,,,,,,,,,,,,,,https://cdn.shopify.com/s/files/1/0297/5046/0549/files/9780593836170-1.jpg,2,Interior image 1,,,,,,,,,,,,,,,,,,,,,,,,,,,,,,,,,,,,,,,,,,,,,,,,,,,,,,,,,,,
the-lao-kitchen,,,,,,,,,,,,,,,,,,,,,,,,,,,,,,,https://cdn.shopify.com/s/files/1/0297/5046/0549/files/9780593836170-2.jpg,3,Interior image 2,,,,,,,,,,,,,,,,,,,,,,,,,,,,,,,,,,,,,,,,,,,,,,,,,,,,,,,,,,,
the-lao-kitchen,,,,,,,,,,,,,,,,,,,,,,,,,,,,,,,https://cdn.shopify.com/s/files/1/0297/5046/0549/files/9780593836170-3.jpg,4,Interior image 3,,,,,,,,,,,,,,,,,,,,,,,,,,,,,,,,,,,,,,,,,,,,,,,,,,,,,,,,,,,
the-lao-kitchen,,,,,,,,,,,,,,,,,,,,,,,,,,,,,,,https://cdn.shopify.com/s/files/1/0297/5046/0549/files/9780593836170-4.jpg,5,Interior image 4,,,,,,,,,,,,,,,,,,,,,,,,,,,,,,,,,,,,,,,,,,,,,,,,,,,,,,,,,,,
the-lao-kitchen,,,,,,,,,,,,,,,,,,,,,,,,,,,,,,,https://cdn.shopify.com/s/files/1/0297/5046/0549/files/9780593836170-5.jpg,6,Interior image 5,,,,,,,,,,,,,,,,,,,,,,,,,,,,,,,,,,,,,,,,,,,,,,,,,,,,,,,,,,,
the-rise-of-indian-food,The Rise of Indian Food:: Recipes Reimagined by Trèsind Studio,"<p><b>This is a *Featured Preorder for a title releasing on May 06, 2026.</b></p><p><em><strong>This is what the publisher tells us about this book:</strong></em></p>
A collection of innovative Indian recipes from the acclaimed chef behind Trèsind Studio – the first-ever Indian restaurant to earn three Michelin stars</div><div><p><strong>A collection of innovative Indian recipes from the acclaimed chef behind Trèsind Studio – the first-ever Indian restaurant to earn three Michelin stars</strong></p> <p>Step inside Trèsind Studio, one of the world’s most sought-after fine-dining destinations. Located in Dubai, this extraordinary establishment is the first Indian restaurant to receive three Michelin stars and has retained a spot on the World’s 50 Best Restaurants list.</p> <p>At the helm of Trèsind Studio is chef Himanshu Saini. An effusive advocate for the future of Indian cuisine, Saini showcases the depth and diversity of his culinary heritage, while taking it to an extraordinary new level.</p> <p>In <em>The Rise of Indian Food</em>, Saini transports readers to the wholly original world of Trèsind Studio. At the heart of the book are recipes representing five different regions in India: Thar Desert, Deccan Plateau, Coastal Plains, Northern Plains, and Himalayan Mountains. Each chapter includes twelve recipes – from starters through to mains, desserts, and drinks – all of which are accompanied by a stunning full-page photograph. Saini’s remarkable dishes, such as Missi Roti, Corn Cream, Popcorn Shoots; Shami Kebab, Green Plum Korma, Seasonal Leaves; and Prawns, Asparagus and Curried Potato Foam ,<strong> </strong>feel distinctly original, while also informed by the traditions of Indian cooking.</p> <p><em>The Rise of Indian Food</em> begins with Saini’s beautifully crafted introduction, which delves into both his philosophy and personal story – from a childhood steeped in agriculture and his culinary training in Delhi, through a list of mentors, to the tale of how he developed the world’s first Indian restaurant to elevate Indian cuisine to three Michelin stars. It also includes a pantry section, in which Saini reveals the secrets behind more than 50 of his masterful sauces, his use of spices, and other staples that were meticulously developed to make his recipes shine.</p> <p>Featuring a vibrant red cover, evocative photography, and thoughtful design details throughout, <em>The Rise of Indian Food</em> is as striking as Saini’s unique dishes and a testament to the changing nature of this beloved cuisine.</p></div></div>
<p><b>* Featured Preorder books earn you an <i>extra </i>150 rewards points, good for $5 off a future purchase. If you're not already a member of our rewards program you can <a href=""https://www.kitchenartsandletters.com/pages/reward""><b>learn more about all the ways to earn points and sign up here.</b></a> It's as simple as creating a store account.</b></p>",PHAI,Media > Books > Print Books,BOOK,"Ln_En, 05-06-2026, C",FALSE,Title,Default,,,,,,,,Himanshu Saini,2268,shopify,continue,manual,64.95,,TRUE,TRUE,,,,,9781837292035,https://cdn.shopify.com/s/files/1/0297/5046/0549/files/9781837292035.jpg,1,Book Cover: The Rise of Indian Food,,The Rise of Indian Food,,Media > Books,,,,new,FALSE,,,,,,Himanshu Saini,Hardcover,the-rise-of-indian-food,,English,,,,,2026-05-06,,,,,,,,,,,,,,,,,,,,,,,,,,,,,,,,lb,4901.99,,draft
the-rise-of-indian-food,,,,,,,,,,,,,,,,,,,,,,,,,,,,,,,https://cdn.shopify.com/s/files/1/0297/5046/0549/files/9781837292035-1.jpg,2,Interior image 1,,,,,,,,,,,,,,,,,,,,,,,,,,,,,,,,,,,,,,,,,,,,,,,,,,,,,,,,,,,
the-rise-of-indian-food,,,,,,,,,,,,,,,,,,,,,,,,,,,,,,,https://cdn.shopify.com/s/files/1/0297/5046/0549/files/9781837292035-2.jpg,3,Interior image 2,,,,,,,,,,,,,,,,,,,,,,,,,,,,,,,,,,,,,,,,,,,,,,,,,,,,,,,,,,,
the-rise-of-indian-food,,,,,,,,,,,,,,,,,,,,,,,,,,,,,,,https://cdn.shopify.com/s/files/1/0297/5046/0549/files/9781837292035-3.jpg,4,Interior image 3,,,,,,,,,,,,,,,,,,,,,,,,,,,,,,,,,,,,,,,,,,,,,,,,,,,,,,,,,,,
the-rise-of-indian-food,,,,,,,,,,,,,,,,,,,,,,,,,,,,,,,https://cdn.shopify.com/s/files/1/0297/5046/0549/files/9781837292035-4.jpg,5,Interior image 4,,,,,,,,,,,,,,,,,,,,,,,,,,,,,,,,,,,,,,,,,,,,,,,,,,,,,,,,,,,
the-rise-of-indian-food,,,,,,,,,,,,,,,,,,,,,,,,,,,,,,,https://cdn.shopify.com/s/files/1/0297/5046/0549/files/9781837292035-5.jpg,6,Interior image 5,,,,,,,,,,,,,,,,,,,,,,,,,,,,,,,,,,,,,,,,,,,,,,,,,,,,,,,,,,,
the-science-of-baking,"The Science of Baking:: Everything You Need to Know to Create Perfect Sweet and Savory Bakes, Every Time","<p><b>This is a *Featured Preorder for a title releasing on April 14, 2026.</b></p><p><em><strong>This is what the publisher tells us about this book:</strong></em></p>
<b>“An essential book for anyone looking to understand and improve their baking”<b> Tom Kerridge</b><br><br> <br>“Whether you’re a novice baker or a seasoned professional, Matt brings clarity and precision to the mysteries of baking”<b> Helen Goh</b><br><br> <br><b>Discover the secrets of professional bakers to achieve perfect bakes every time</b><br><br></b><br><br>Baking is essentially chemistry for the kitchen, and in order to perfect our home bakes, we first need to understand the processes and variables that go into creating the perfect bake. Join bestselling author, self-taught baker, and pastry chef, Matt Adlard, as he demystifies the science behind your favourite bakes, teaching you how to recreate them at home with show-stopping results.<br><br> <br><i>The Science of Baking</i> teaches you how baking actually works: what purpose each ingredient serves in a recipe, how they combine and interact together and, most importantly, how to use the correct temperature and oven settings for the best results.<br><br> <br>With more than 50 step-by-step recipes for delicious breads, pastries, cookies, cakes, and desserts, plus detailed illustrations, expert tips, and troubleshooting for every subject – from sourdough starters to cake decorating, gluten-free, and vegan baking – as well as knockout recipes for chocolate chip cookies, desserts such as Vanilla Burnt Basque Cheesecake, Crème Caramel, and the ultimate Black Forest Swiss Roll, this is everything you need to understand and explore the world of baking.<br><br></div></div>
<p><b>* Featured Preorder books earn you an <i>extra </i>150 rewards points, good for $5 off a future purchase. If you're not already a member of our rewards program you can <a href=""https://www.kitchenartsandletters.com/pages/reward""><b>learn more about all the ways to earn points and sign up here.</b></a> It's as simple as creating a store account.</b></p>",DORK,Media > Books > Print Books,BOOK,"Ln_En, 04-14-2026, C",FALSE,Title,Default,,,,,,,,Matt Adlard,2268,shopify,continue,manual,35.00,,TRUE,TRUE,,,,,9780593961131,https://cdn.shopify.com/s/files/1/0297/5046/0549/files/9780593961131.jpg,1,Book Cover: The Science of Baking,,The Science of Baking,,Media > Books,,,,new,FALSE,,,,,,Matt Adlard,Hardcover,the-science-of-baking,,English,,,,,2026-04-14,,,,,,,,,,,,,,,,,,,,,,,,,,,,,,,,lb,4901.99,,draft
the-science-of-baking,,,,,,,,,,,,,,,,,,,,,,,,,,,,,,,https://cdn.shopify.com/s/files/1/0297/5046/0549/files/9780593961131-1.jpg,2,Interior image 1,,,,,,,,,,,,,,,,,,,,,,,,,,,,,,,,,,,,,,,,,,,,,,,,,,,,,,,,,,,
the-science-of-baking,,,,,,,,,,,,,,,,,,,,,,,,,,,,,,,https://cdn.shopify.com/s/files/1/0297/5046/0549/files/9780593961131-2.jpg,3,Interior image 2,,,,,,,,,,,,,,,,,,,,,,,,,,,,,,,,,,,,,,,,,,,,,,,,,,,,,,,,,,,
the-science-of-baking,,,,,,,,,,,,,,,,,,,,,,,,,,,,,,,https://cdn.shopify.com/s/files/1/0297/5046/0549/files/9780593961131-3.jpg,4,Interior image 3,,,,,,,,,,,,,,,,,,,,,,,,,,,,,,,,,,,,,,,,,,,,,,,,,,,,,,,,,,,
the-science-of-baking,,,,,,,,,,,,,,,,,,,,,,,,,,,,,,,https://cdn.shopify.com/s/files/1/0297/5046/0549/files/9780593961131-4.jpg,5,Interior image 4,,,,,,,,,,,,,,,,,,,,,,,,,,,,,,,,,,,,,,,,,,,,,,,,,,,,,,,,,,,
the-science-of-baking,,,,,,,,,,,,,,,,,,,,,,,,,,,,,,,https://cdn.shopify.com/s/files/1/0297/5046/0549/files/9780593961131-5.jpg,6,Interior image 5,,,,,,,,,,,,,,,,,,,,,,,,,,,,,,,,,,,,,,,,,,,,,,,,,,,,,,,,,,,
the-taste-of-country-cooking,The Taste of Country Cooking:: 50th Anniversary Edition: A Cookbook,"<p><b>This is a *Featured Preorder for a title releasing on May 05, 2026.</b></p><p><em><strong>This is what the publisher tells us about this book:</strong></em></p>
<b><b>A stunning 50th-anniversary edition of one of the most beloved cookbooks of all time, by “the empress of Southern cooking” (<i>The New Yorker</i>). Beautifully repackaged and redesigned, with a new foreword by Toni Tipton-Martin.</b></b><br><br>With the publication of <i>The Taste of Country Cooking</i>, Edna Lewis proudly announced the food of the American South as one of the world’s great cuisines. From Baked Virginia Ham and Corn Muffins to Oyster Stew and Lemon Meringue Pie, in its pages Miss Lewis (as she was almost universally known) extols the virtues of the good food of her childhood, spent in a Virginia farming community founded by her grandfather and his friends after Emancipation. A celebration of eating locally—decades before “farm-to-table” became common parlance—the book catalogs the joys of cooking with the seasons: the field greens and salads of spring; pan-fried chicken and crushed peaches in summer; baked ham and sweet potatoes for fall; and hearty soups and stews during the cold winter months. An affirmation of a distinctly American way of eating, half a century after its publication, this remains the definitive book on Southern cooking.</div></div>
<p><b>* Featured Preorder books earn you an <i>extra </i>150 rewards points, good for $5 off a future purchase. If you're not already a member of our rewards program you can <a href=""https://www.kitchenartsandletters.com/pages/reward""><b>learn more about all the ways to earn points and sign up here.</b></a> It's as simple as creating a store account.</b></p>",RDH,Media > Books > Print Books,BOOK,"Ln_En, 05-05-2026, C",FALSE,Title,Default,,,,,,,,Edna Lewis,2268,shopify,continue,manual,40.00,,TRUE,TRUE,,,,,9780593804957,https://cdn.shopify.com/s/files/1/0297/5046/0549/files/9780593804957.jpg,1,Book Cover: The Taste of Country Cooking,,The Taste of Country Cooking,,Media > Books,,,,new,FALSE,,,,,,Edna Lewis,Hardcover,the-taste-of-country-cooking,,English,,,,,2026-05-05,,,,,,,,,,,,,,,,,,,,,,,,,,,,,,,,lb,4901.99,,draft
the-taste-of-country-cooking,,,,,,,,,,,,,,,,,,,,,,,,,,,,,,,https://cdn.shopify.com/s/files/1/0297/5046/0549/files/9780593804957-1.jpg,2,Interior image 1,,,,,,,,,,,,,,,,,,,,,,,,,,,,,,,,,,,,,,,,,,,,,,,,,,,,,,,,,,,
the-taste-of-country-cooking,,,,,,,,,,,,,,,,,,,,,,,,,,,,,,,https://cdn.shopify.com/s/files/1/0297/5046/0549/files/9780593804957-2.jpg,3,Interior image 2,,,,,,,,,,,,,,,,,,,,,,,,,,,,,,,,,,,,,,,,,,,,,,,,,,,,,,,,,,,
the-taste-of-country-cooking,,,,,,,,,,,,,,,,,,,,,,,,,,,,,,,https://cdn.shopify.com/s/files/1/0297/5046/0549/files/9780593804957-3.jpg,4,Interior image 3,,,,,,,,,,,,,,,,,,,,,,,,,,,,,,,,,,,,,,,,,,,,,,,,,,,,,,,,,,,
vegetables-the-italian-way,Vegetables the Italian Way:: Turning Simple and Fresh into Extraordinary,"<p><b>This is a *Featured Preorder for a title releasing on April 14, 2026.</b></p><p><em><strong>This is what the publisher tells us about this book:</strong></em></p>
<b><i>Cucina Povera&nbsp;</i>author Giulia Scarpaleggia continues her celebration of the soul of Italian cooking with a beautiful and delicious focus on vegetables</b><br><br> Italians have a gift for making vegetables shine. It’s about simplicity, balance, and an instinctive understanding of flavor to get the best out of each vegetable, whether it’s eaten fresh along with a squeeze of lemon and a sprinkle of salt or roasted slowly with a drizzle of olive oil and a handful of fresh herbs. This deep-rooted practice of simplicity comes from Italy’s cucina povera where seasonal vegetables dishes are nourishing everyday meals.<br> &nbsp;<br> The recipes in this book are the creations of Giulia Scarpaleggia (@julskitchen) and celebrate cucina casalinga—Italian home cooking. They include some of Italy’s most iconic dishes like Eggplant Parmesan, Panzanella Salad, and Sicilian Caponata, as well as regional favorites like Braised Artichokes and Fennel Gratin. With enticing photographs from the Italian garden and countryside, the book is as much a pleasure to look at as it is to cook from.<br> &nbsp;<br> &nbsp;
<p><b>* Featured Preorder books earn you an <i>extra </i>150 rewards points, good for $5 off a future purchase. If you're not already a member of our rewards program you can <a href=""https://www.kitchenartsandletters.com/pages/reward""><b>learn more about all the ways to earn points and sign up here.</b></a> It's as simple as creating a store account.</b></p>",WORA,Media > Books > Print Books,BOOK,"Ln_En, 04-14-2026, C",FALSE,Title,Default,,,,,,,,Giulia Scarpaleggia,2268,shopify,continue,manual,35.00,,TRUE,TRUE,,,,,9781648294679,https://cdn.shopify.com/s/files/1/0297/5046/0549/files/9781648294679.jpg,1,Book Cover: Vegetables the Italian Way,,Vegetables the Italian Way,,Media > Books,,,,new,FALSE,,,,,,Giulia Scarpaleggia,Hardcover,vegetables-the-italian-way,,English,,,,,2026-04-14,,,,,,,,,,,,,,,,,,,,,,,,,,,,,,,,lb,4901.99,,draft
vegetables-the-italian-way,,,,,,,,,,,,,,,,,,,,,,,,,,,,,,,https://cdn.shopify.com/s/files/1/0297/5046/0549/files/9781648294679-1.jpg,2,Interior image 1,,,,,,,,,,,,,,,,,,,,,,,,,,,,,,,,,,,,,,,,,,,,,,,,,,,,,,,,,,,
vegetables-the-italian-way,,,,,,,,,,,,,,,,,,,,,,,,,,,,,,,https://cdn.shopify.com/s/files/1/0297/5046/0549/files/9781648294679-2.jpg,3,Interior image 2,,,,,,,,,,,,,,,,,,,,,,,,,,,,,,,,,,,,,,,,,,,,,,,,,,,,,,,,,,,
vegetables-the-italian-way,,,,,,,,,,,,,,,,,,,,,,,,,,,,,,,https://cdn.shopify.com/s/files/1/0297/5046/0549/files/9781648294679-3.jpg,4,Interior image 3,,,,,,,,,,,,,,,,,,,,,,,,,,,,,,,,,,,,,,,,,,,,,,,,,,,,,,,,,,,
vegetables-the-italian-way,,,,,,,,,,,,,,,,,,,,,,,,,,,,,,,https://cdn.shopify.com/s/files/1/0297/5046/0549/files/9781648294679-4.jpg,5,Interior image 4,,,,,,,,,,,,,,,,,,,,,,,,,,,,,,,,,,,,,,,,,,,,,,,,,,,,,,,,,,,
vegetables-the-italian-way,,,,,,,,,,,,,,,,,,,,,,,,,,,,,,,https://cdn.shopify.com/s/files/1/0297/5046/0549/files/9781648294679-5.jpg,6,Interior image 5,,,,,,,,,,,,,,,,,,,,,,,,,,,,,,,,,,,,,,,,,,,,,,,,,,,,,,,,,,,
viennese-bakery,Viennese Bakery:: Classic Desserts from Vienna's Café Culture,"<p><b>This is a *Featured Preorder for a title releasing on February 24, 2026.</b></p><p><em><strong>This is what the publisher tells us about this book:</strong></em></p>
<b><b>Take a slice of traditional Viennese café culture home with you and discover 75 recipes for classic confectionery.</b></b><br><br>The coffee houses in early 20th-century Vienna were the second living room for artists, intellectuals, and dessert lovers of all kinds. This was a place to relax; discuss; and, above all, indulge! Amid this sophisticated atmosphere, confectioner Therese Schulz pampered guests of the former Vienna Grand Hotel with her sweet craftsmanship—and meticulously documented her recipes. One hundred years later, family members rediscovered these records in the attic and entrusted them to the expert hands of recipe developer Bernadette Wörndl, who brings these recipes to life on the page today.<br><br>The result is this unique baking book, with over 75 divine confectionery recipes. From Viennese classics like Vanillekipferl (vanilla crescent cookies) and Sachertorte (rich chocolate cake) to nostalgic delicacies like marmalade Swiss rolls or a strawberry cream torte, this book will delight lovers of Austrian sweets and pastries. With a mix of atmospheric recipe pictures, excerpts from Therese's original recipe book, and nostalgic historic photography, The Viennese Bakery is a delicious, inspiring, and enticing culinary flight of fancy.</div></div>
<p><b>* Featured Preorder books earn you an <i>extra </i>150 rewards points, good for $5 off a future purchase. If you're not already a member of our rewards program you can <a href=""https://www.kitchenartsandletters.com/pages/reward""><b>learn more about all the ways to earn points and sign up here.</b></a> It's as simple as creating a store account.</b></p>",DORK,Media > Books > Print Books,BOOK,"Ln_En, 02-24-2026, C",FALSE,Title,Default,,,,,,,,Bernadette Wörndl,2268,shopify,continue,manual,35.00,,TRUE,TRUE,,,,,9798217305797,https://cdn.shopify.com/s/files/1/0297/5046/0549/files/9798217305797.jpg,1,Book Cover: Viennese Bakery,,Viennese Bakery,,Media > Books,,,,new,FALSE,,,,,,Bernadette Wörndl,Hardcover,viennese-bakery,,English,,,,,2026-02-24,,,,,,,,,,,,,,,,,,,,,,,,,,,,,,,,lb,4901.99,,draft
viennese-bakery,,,,,,,,,,,,,,,,,,,,,,,,,,,,,,,https://cdn.shopify.com/s/files/1/0297/5046/0549/files/9798217305797-1.jpg,2,Interior image 1,,,,,,,,,,,,,,,,,,,,,,,,,,,,,,,,,,,,,,,,,,,,,,,,,,,,,,,,,,,
viennese-bakery,,,,,,,,,,,,,,,,,,,,,,,,,,,,,,,https://cdn.shopify.com/s/files/1/0297/5046/0549/files/9798217305797-2.jpg,3,Interior image 2,,,,,,,,,,,,,,,,,,,,,,,,,,,,,,,,,,,,,,,,,,,,,,,,,,,,,,,,,,,
viennese-bakery,,,,,,,,,,,,,,,,,,,,,,,,,,,,,,,https://cdn.shopify.com/s/files/1/0297/5046/0549/files/9798217305797-3.jpg,4,Interior image 3,,,,,,,,,,,,,,,,,,,,,,,,,,,,,,,,,,,,,,,,,,,,,,,,,,,,,,,,,,,
viennese-bakery,,,,,,,,,,,,,,,,,,,,,,,,,,,,,,,https://cdn.shopify.com/s/files/1/0297/5046/0549/files/9798217305797-4.jpg,5,Interior image 4,,,,,,,,,,,,,,,,,,,,,,,,,,,,,,,,,,,,,,,,,,,,,,,,,,,,,,,,,,,
viennese-bakery,,,,,,,,,,,,,,,,,,,,,,,,,,,,,,,https://cdn.shopify.com/s/files/1/0297/5046/0549/files/9798217305797-5.jpg,6,Interior image 5,,,,,,,,,,,,,,,,,,,,,,,,,,,,,,,,,,,,,,,,,,,,,,,,,,,,,,,,,,,
vitamina-t,"Vitamina T:: Your Daily Dose of Tacos, Tortas, Tamales, and More Mexican Street Food Classics","<p><b>This is a *Featured Preorder for a title releasing on April 07, 2026.</b></p><p><em><strong>This is what the publisher tells us about this book:</strong></em></p>
<b><b>Get your daily dose of vitamin T—the unofficial Mexican food group that celebrates tacos, tortas, tamales, and more—with over 100 delicious recipes that add a fun twist to these classic street foods.</b></b><br><br>Tacos, tostadas, tamales, and other vitamin T favorites represent the culinary experience of street foods across Mexican foodways.&nbsp;In <i>Vitamina T</i>, celebrated chef Fermín&nbsp;Núñez and masa-purveyor-to-the-stars Jorge Gaviria take us on a journey through the sizzling streets of Mexico to show us how we can capture some of the magic of this cuisine in our home kitchens. Explore the beautiful sights and bold flavors of a late-night taqueria, a charcoal-burning clay comal teeming with hoja-santa-wrapped tetelas, and all of the tamales at all of the times. <i>Vitamina T</i> features over 100 mouthwatering Mexican staples as well as contemporary twists:<br><ul><li><b>Tacos:</b> Al Pastor, Barbacoa, and Carnitas Tacos</li><li><b>Tamales:</b> Bean and Cheese, Duck Confit Tamales (with a delicious Mole Negro)</li><li><b>Tostadas: </b>Tinga, Beet-Avocado, and Red Snapper Ceviche Tostadas</li><li><b>Tortas:</b> Butternut Squash in Chile Colorado, Brisket ""de la Barda,"" and Cubana Tortas</li><li><b>Todo Lo Demás: </b>Sopes, Gorditas, Flautas, Chilaquiles, and more</li></ul><br>These dishes are emblematic of what makes Mexico a culinary cornerstone, and <i>Vitamina T</i> translates them into approachable recipes for home cooks. Through traditional techniques, practices developed by Fermín&nbsp;and Jorge, and recipes for any occasion, this book has everything you need to bring an all-day Mexico City street food crawl into your own home.</div></div>
<p><b>* Featured Preorder books earn you an <i>extra </i>150 rewards points, good for $5 off a future purchase. If you're not already a member of our rewards program you can <a href=""https://www.kitchenartsandletters.com/pages/reward""><b>learn more about all the ways to earn points and sign up here.</b></a> It's as simple as creating a store account.</b></p>",RDH,Media > Books > Print Books,BOOK,"Ln_En, 04-07-2026, C",FALSE,Title,Default,,,,,,,,Jorge Gaviria with Allegra Ben-Amotz,2268,shopify,continue,manual,35.00,,TRUE,TRUE,,,,,9780593800379,https://cdn.shopify.com/s/files/1/0297/5046/0549/files/9780593800379.jpg,1,Book Cover: Vitamina T,,Vitamina T,,Media > Books,,,,new,FALSE,,,,,,Jorge Gaviria with Allegra Ben-Amotz,Hardcover,vitamina-t,,English,,,,,2026-04-07,,,,,,,,,,,,,,,,,,,,,,,,,,,,,,,,lb,4901.99,,draft
vitamina-t,,,,,,,,,,,,,,,,,,,,,,,,,,,,,,,https://cdn.shopify.com/s/files/1/0297/5046/0549/files/9780593800379-1.jpg,2,Interior image 1,,,,,,,,,,,,,,,,,,,,,,,,,,,,,,,,,,,,,,,,,,,,,,,,,,,,,,,,,,,
vitamina-t,,,,,,,,,,,,,,,,,,,,,,,,,,,,,,,https://cdn.shopify.com/s/files/1/0297/5046/0549/files/9780593800379-2.jpg,3,Interior image 2,,,,,,,,,,,,,,,,,,,,,,,,,,,,,,,,,,,,,,,,,,,,,,,,,,,,,,,,,,,
vitamina-t,,,,,,,,,,,,,,,,,,,,,,,,,,,,,,,https://cdn.shopify.com/s/files/1/0297/5046/0549/files/9780593800379-3.jpg,4,Interior image 3,,,,,,,,,,,,,,,,,,,,,,,,,,,,,,,,,,,,,,,,,,,,,,,,,,,,,,,,,,,
vitamina-t,,,,,,,,,,,,,,,,,,,,,,,,,,,,,,,https://cdn.shopify.com/s/files/1/0297/5046/0549/files/9780593800379-4.jpg,5,Interior image 4,,,,,,,,,,,,,,,,,,,,,,,,,,,,,,,,,,,,,,,,,,,,,,,,,,,,,,,,,,,
vitamina-t,,,,,,,,,,,,,,,,,,,,,,,,,,,,,,,https://cdn.shopify.com/s/files/1/0297/5046/0549/files/9780593800379-5.jpg,6,Interior image 5,,,,,,,,,,,,,,,,,,,,,,,,,,,,,,,,,,,,,,,,,,,,,,,,,,,,,,,,,,,
we-fancy,We Fancy:: Simple Recipes To Make The Everyday Special,"<p><b>This is a *Featured Preorder for a title releasing on February 10, 2026.</b></p><p><em><strong>This is what the publisher tells us about this book:</strong></em></p>
<b>From beloved food writer and author of the James Beard Award finalist <i>Black Girl Baking</i> comes a joyous cookbook that transforms everyday meals into something special and unexpected with just a few simple flourishes.</b><b> </b><br><br>Fanciness is a mindset. It’s realizing that you can make everyday food feel special using what you likely already have on hand. It’s about seeing the act of cooking not just as another thing to do, but as a nourishing ritual to help ease away the day’s stress.<br> <br> In <i>We Fancy</i>, Jerrelle Guy teaches you how to use pantry staples like canned beans, crackers, or a pint of vanilla ice cream, and tools like sheet pans and your air fryer, to transform typical weeknight dinners into something easy but memorable. Think: Nearly Instantaneous Risotto made with black or roasted garlic, Double-Stacked Black Bean Burgers smashed with tortilla chips, Artichokes in the Perfect Butter Wine Sauce, and Olive Oil Brownie Pudding covered with chopped nuts.<br> <br> <i>We Fancy</i> shows that cooking is both a creative and a practical act, and in these pages with beautiful and wise writing that is meant to heal, guide and inspire, Jerrelle gives us new recipes and reasons to look forward to dinner.</div></div>
<p><b>* Featured Preorder books earn you an <i>extra </i>150 rewards points, good for $5 off a future purchase. If you're not already a member of our rewards program you can <a href=""https://www.kitchenartsandletters.com/pages/reward""><b>learn more about all the ways to earn points and sign up here.</b></a> It's as simple as creating a store account.</b></p>",SSN,Media > Books > Print Books,BOOK,"Ln_En, 02-10-2026, C",FALSE,Title,Default,,,,,,,,Jerrelle Guy,2268,shopify,continue,manual,35.00,,TRUE,TRUE,,,,,9781668012840,https://cdn.shopify.com/s/files/1/0297/5046/0549/files/9781668012840.jpg,1,Book Cover: We Fancy,,We Fancy,,Media > Books,,,,new,FALSE,,,,,,Jerrelle Guy,Hardcover,we-fancy,,English,,,,,2026-02-10,,,,,,,,,,,,,,,,,,,,,,,,,,,,,,,,lb,4901.99,,draft
we-fancy,,,,,,,,,,,,,,,,,,,,,,,,,,,,,,,https://cdn.shopify.com/s/files/1/0297/5046/0549/files/9781668012840-1.jpg,2,Interior image 1,,,,,,,,,,,,,,,,,,,,,,,,,,,,,,,,,,,,,,,,,,,,,,,,,,,,,,,,,,,
we-fancy,,,,,,,,,,,,,,,,,,,,,,,,,,,,,,,https://cdn.shopify.com/s/files/1/0297/5046/0549/files/9781668012840-2.jpg,3,Interior image 2,,,,,,,,,,,,,,,,,,,,,,,,,,,,,,,,,,,,,,,,,,,,,,,,,,,,,,,,,,,
we-fancy,,,,,,,,,,,,,,,,,,,,,,,,,,,,,,,https://cdn.shopify.com/s/files/1/0297/5046/0549/files/9781668012840-3.jpg,4,Interior image 3,,,,,,,,,,,,,,,,,,,,,,,,,,,,,,,,,,,,,,,,,,,,,,,,,,,,,,,,,,,
we-fancy,,,,,,,,,,,,,,,,,,,,,,,,,,,,,,,https://cdn.shopify.com/s/files/1/0297/5046/0549/files/9781668012840-4.jpg,5,Interior image 4,,,,,,,,,,,,,,,,,,,,,,,,,,,,,,,,,,,,,,,,,,,,,,,,,,,,,,,,,,,
we-fancy,,,,,,,,,,,,,,,,,,,,,,,,,,,,,,,https://cdn.shopify.com/s/files/1/0297/5046/0549/files/9781668012840-5.jpg,6,Interior image 5,,,,,,,,,,,,,,,,,,,,,,,,,,,,,,,,,,,,,,,,,,,,,,,,,,,,,,,,,,,
